-- phpMyAdmin SQL Dump
-- version 5.2.0
-- https://www.phpmyadmin.net/
--
-- ホスト: 127.0.0.1
-- 生成日時: 2022-06-30 09:51:01
-- サーバのバージョン： 10.4.24-MariaDB
-- PHP のバージョン: 8.1.6

SET SQL_MODE = "NO_AUTO_VALUE_ON_ZERO";
START TRANSACTION;
SET time_zone = "+00:00";


/*!40101 SET @OLD_CHARACTER_SET_CLIENT=@@CHARACTER_SET_CLIENT */;
/*!40101 SET @OLD_CHARACTER_SET_RESULTS=@@CHARACTER_SET_RESULTS */;
/*!40101 SET @OLD_COLLATION_CONNECTION=@@COLLATION_CONNECTION */;
/*!40101 SET NAMES utf8mb4 */;

--
-- データベース: `omiai_db`
--

-- --------------------------------------------------------

--
-- テーブルの構造 `answer`
--

CREATE TABLE `answer` (
  `answer_id` int(11) NOT NULL,
  `movie_id` int(11) NOT NULL,
  `experience_years` int(11) NOT NULL,
  `player_id` int(11) NOT NULL,
  `left_or_right` int(11) NOT NULL
) ENGINE=InnoDB DEFAULT CHARSET=utf8 COLLATE=utf8_bin;

--
-- テーブルのデータのダンプ `answer`
--

INSERT INTO `answer` (`answer_id`, `movie_id`, `experience_years`, `player_id`, `left_or_right`) VALUES
(1, 1, 2, 3, 1),
(2, 1, 2, 1, 0),
(3, 2, 2, 3, 1),
(4, 1, 2, 1, 0),
(5, 1, 2, 3, 1),
(6, 1, 2, 1, 0),
(7, 1, 2, 1, 0),
(8, 1, 2, 1, 0),
(9, 1, 2, 1, 0),
(10, 1, 2, 3, 1),
(11, 1, 2, 3, 1),
(12, 1, 2, 3, 1),
(13, 1, 2, 3, 1),
(14, 1, 2, 3, 1),
(15, 1, 2, 3, 1),
(16, 1, 2, 3, 1),
(17, 2, 2, 1, 0),
(18, 3, 2, 4, 1),
(19, 4, 2, 2, 0),
(20, 5, 2, 5, 1),
(21, 1, 2, 3, 1),
(22, 1, 2, 3, 1),
(23, 1, 2, 1, 0),
(24, 1, 2, 3, 1),
(25, 2, 2, 3, 1),
(26, 3, 2, 2, 0),
(27, 4, 2, 2, 0),
(28, 5, 2, 5, 1),
(29, 6, 2, 3, 0),
(30, 1, 2, 3, 1),
(31, 2, 2, 1, 0),
(32, 3, 2, 4, 1),
(33, 4, 2, 2, 0),
(34, 5, 2, 5, 1),
(35, 6, 2, 5, 1),
(36, 1, 2, 3, 1),
(37, 2, 2, 1, 0),
(38, 3, 2, 4, 1),
(39, 4, 2, 4, 1),
(40, 5, 2, 5, 1),
(41, 6, 2, 5, 1),
(42, 1, 2, 3, 1),
(43, 2, 2, 1, 0),
(44, 3, 2, 4, 1),
(45, 4, 2, 2, 0),
(46, 5, 2, 3, 0),
(47, 6, 2, 3, 0),
(48, 1, 2, 3, 1),
(49, 2, 2, 1, 0),
(50, 3, 2, 4, 1),
(51, 4, 2, 2, 0),
(52, 5, 2, 5, 1),
(53, 6, 2, 3, 0),
(54, 1, 2, 3, 1),
(55, 2, 2, 1, 0),
(56, 3, 2, 2, 0),
(57, 4, 2, 2, 0),
(58, 5, 2, 3, 0),
(59, 6, 2, 3, 0),
(60, 1, 2, 1, 0),
(61, 2, 2, 1, 0),
(62, 3, 2, 2, 0),
(63, 4, 2, 2, 0),
(64, 5, 2, 3, 0),
(65, 6, 2, 3, 0),
(66, 1, 2, 3, 1),
(67, 2, 2, 1, 0),
(68, 3, 2, 4, 1),
(69, 4, 2, 2, 0),
(70, 5, 2, 5, 1),
(71, 6, 2, 3, 0),
(72, 1, 2, 3, 1),
(73, 1, 2, 3, 1),
(74, 1, 2, 3, 1),
(75, 1, 2, 1, 0),
(76, 1, 2, 1, 0),
(77, 2, 2, 3, 1),
(78, 3, 2, 2, 0),
(79, 4, 2, 4, 1),
(80, 5, 2, 5, 1),
(81, 6, 2, 3, 0),
(82, 1, 2, 3, 1),
(83, 2, 2, 1, 0),
(84, 3, 2, 4, 1),
(85, 4, 2, 2, 0),
(86, 5, 2, 5, 1),
(87, 6, 2, 3, 0);

-- --------------------------------------------------------

--
-- テーブルの構造 `lr.coef_`
--

CREATE TABLE `lr.coef_` (
  `lr.coef_id` int(11) NOT NULL,
  `type` int(11) NOT NULL,
  `color` varchar(11) NOT NULL,
  `left_player` int(11) NOT NULL,
  `right_player` int(11) NOT NULL,
  `data` double NOT NULL,
  `date` date NOT NULL
) ENGINE=InnoDB DEFAULT CHARSET=utf8mb4;

-- --------------------------------------------------------

--
-- テーブルの構造 `movie`
--

CREATE TABLE `movie` (
  `movie_id` int(11) NOT NULL,
  `movie_categorize` int(11) NOT NULL,
  `stop_time` int(11) NOT NULL,
  `movie_path` text COLLATE utf8_bin NOT NULL,
  `left_player_id` int(11) NOT NULL,
  `right_player_id` int(11) NOT NULL,
  `left_player_x` float NOT NULL,
  `left_player_y` float NOT NULL,
  `right_player_x` float NOT NULL,
  `right_player_y` float NOT NULL
) ENGINE=InnoDB DEFAULT CHARSET=utf8 COLLATE=utf8_bin;

--
-- テーブルのデータのダンプ `movie`
--

INSERT INTO `movie` (`movie_id`, `movie_categorize`, `stop_time`, `movie_path`, `left_player_id`, `right_player_id`, `left_player_x`, `left_player_y`, `right_player_x`, `right_player_y`) VALUES
(1, 1, 3, '\"C:\\Desktop\\OMIAI\\movie\\anzai_hinata\\usiro\\補正後\\220614_01.MP4\"', 1, 3, 5, 5, 6, 6),
(2, 1, 5, '\"C:\\Desktop\\OMIAI\\movie\\anzai_hinata\\usiro\\補正後\\220614_01.MP4\"', 1, 3, 5, 5, 6, 6),
(3, 2, 3, '\"C:\\Desktop\\OMIAI\\movie\\anzai_hinata\\usiro\\補正後\\220614_01.MP4\"', 2, 4, 6, 6, 7, 7),
(4, 2, 5, '\"C:\\Desktop\\OMIAI\\movie\\anzai_hinata\\usiro\\補正後\\220614_01.MP4\"', 2, 4, 6, 6, 7, 7),
(5, 3, 3, '\"C:\\Desktop\\OMIAI\\movie\\anzai_hinata\\usiro\\補正後\\220614_01.MP4\"', 3, 5, 2, 2, 4, 4),
(6, 3, 6, '\"C:\\Desktop\\OMIAI\\movie\\anzai_hinata\\usiro\\補正後\\220614_01.MP4\"', 3, 5, 2, 2, 4, 4);

-- --------------------------------------------------------

--
-- テーブルの構造 `player`
--

CREATE TABLE `player` (
  `player_id` int(11) NOT NULL,
  `name` text COLLATE utf8_bin NOT NULL
) ENGINE=InnoDB DEFAULT CHARSET=utf8 COLLATE=utf8_bin;

--
-- テーブルのデータのダンプ `player`
--

INSERT INTO `player` (`player_id`, `name`) VALUES
(1, 'ichiro'),
(2, 'anzai'),
(3, 'hinata'),
(4, 'kento'),
(5, 'riku'),
(6, 'keisuke');

-- --------------------------------------------------------

--
-- テーブルの構造 `register`
--

CREATE TABLE `register` (
  `register_id` int(11) NOT NULL,
  `experience_years` int(11) NOT NULL,
  `Sub_Ob` int(11) NOT NULL,
  `rotation` int(11) NOT NULL,
  `player_id` int(11) NOT NULL,
  `x_coordinate` int(11) NOT NULL,
  `y_coordinate` int(11) NOT NULL
) ENGINE=InnoDB DEFAULT CHARSET=utf8 COLLATE=utf8_bin;

--
-- テーブルのデータのダンプ `register`
--

INSERT INTO `register` (`register_id`, `experience_years`, `Sub_Ob`, `rotation`, `player_id`, `x_coordinate`, `y_coordinate`) VALUES
(1, 3, 2, 1, 1, 30, 10),
(2, 3, 2, 1, 2, 100, 70),
(3, 3, 2, 1, 3, 200, 70),
(4, 3, 2, 1, 4, 300, 70),
(5, 3, 2, 1, 5, 150, 250),
(6, 3, 2, 1, 6, 250, 250),
(7, 4, 2, 1, 1, 30, 10),
(8, 4, 2, 1, 2, 120, 80),
(9, 4, 2, 1, 3, 220, 75),
(10, 4, 2, 1, 4, 380, 60),
(11, 4, 2, 1, 5, 160, 270),
(12, 4, 2, 1, 6, 240, 220),
(13, 1, 2, 1, 1, 30, 10),
(14, 1, 2, 1, 2, 90, 75),
(15, 1, 2, 1, 3, 240, 60),
(16, 1, 2, 1, 4, 290, 72),
(17, 1, 2, 1, 5, 140, 300),
(18, 1, 2, 1, 6, 220, 230),
(19, 2, 2, 1, 1, 30, 10),
(20, 2, 2, 1, 2, 116, 65),
(21, 2, 2, 1, 3, 215, 75),
(22, 2, 2, 1, 4, 310, 80),
(23, 2, 2, 1, 5, 155, 240),
(24, 2, 2, 1, 6, 275, 265),
(25, 3, 2, 1, 1, 30, 10),
(26, 3, 2, 1, 2, 110, 75),
(27, 3, 2, 1, 3, 210, 70),
(28, 3, 2, 1, 4, 310, 75),
(29, 3, 2, 1, 5, 140, 240),
(30, 3, 2, 1, 6, 260, 250),
(31, 4, 2, 1, 1, 30, 10),
(32, 4, 2, 1, 2, 120, 80),
(33, 4, 2, 1, 3, 200, 75),
(34, 4, 2, 1, 4, 280, 60),
(35, 4, 2, 1, 5, 160, 270),
(36, 4, 2, 1, 6, 240, 220),
(37, 1, 2, 1, 1, 30, 10),
(38, 1, 2, 1, 2, 90, 75),
(39, 1, 2, 1, 3, 240, 60),
(40, 1, 2, 1, 4, 290, 72),
(41, 1, 2, 1, 5, 140, 300),
(42, 1, 2, 1, 6, 220, 230),
(43, 2, 2, 1, 1, 30, 10),
(44, 2, 2, 1, 2, 110, 75),
(45, 2, 2, 1, 3, 200, 75),
(46, 2, 2, 1, 4, 300, 80),
(47, 2, 2, 1, 5, 160, 240),
(48, 2, 2, 1, 6, 280, 260),
(49, 3, 3, 1, 1, 30, 10),
(50, 3, 3, 1, 2, 90, 70),
(51, 3, 3, 1, 3, 190, 70),
(52, 3, 3, 1, 4, 320, 70),
(53, 3, 3, 1, 5, 100, 250),
(54, 3, 3, 1, 6, 270, 250),
(55, 4, 3, 1, 1, 30, 10),
(56, 4, 3, 1, 2, 120, 80),
(57, 4, 3, 1, 3, 220, 75),
(58, 4, 3, 1, 4, 380, 60),
(59, 4, 3, 1, 5, 160, 270),
(60, 4, 3, 1, 6, 240, 220),
(61, 1, 3, 1, 1, 30, 10),
(62, 1, 3, 1, 2, 100, 80),
(63, 1, 3, 1, 3, 260, 45),
(64, 1, 3, 1, 4, 300, 80),
(65, 1, 3, 1, 5, 160, 310),
(66, 1, 3, 1, 6, 270, 260),
(67, 2, 3, 1, 1, 30, 10),
(68, 2, 3, 1, 2, 120, 70),
(69, 2, 3, 1, 3, 230, 80),
(70, 2, 3, 1, 4, 290, 65),
(71, 2, 3, 1, 5, 140, 230),
(72, 2, 3, 1, 6, 260, 270),
(73, 3, 3, 1, 1, 30, 10),
(74, 3, 3, 1, 2, 120, 80),
(75, 3, 3, 1, 3, 200, 70),
(76, 3, 3, 1, 4, 300, 75),
(77, 3, 3, 1, 5, 150, 230),
(78, 3, 3, 1, 6, 250, 220),
(79, 4, 3, 1, 1, 30, 10),
(80, 4, 3, 1, 2, 150, 80),
(81, 4, 3, 1, 3, 230, 73),
(82, 4, 3, 1, 4, 250, 40),
(83, 4, 3, 1, 5, 100, 250),
(84, 4, 3, 1, 6, 230, 230),
(85, 1, 3, 1, 1, 30, 10),
(86, 1, 3, 1, 2, 100, 75),
(87, 1, 3, 1, 3, 200, 60),
(88, 1, 3, 1, 4, 250, 75),
(89, 1, 3, 1, 5, 150, 280),
(90, 1, 3, 1, 6, 220, 235),
(91, 2, 3, 1, 1, 30, 10),
(92, 2, 3, 1, 2, 130, 75),
(93, 2, 3, 1, 3, 190, 75),
(94, 2, 3, 1, 4, 270, 65),
(95, 2, 3, 1, 5, 170, 245),
(96, 2, 3, 1, 6, 280, 255),
(97, 3, 2, 2, 1, 30, 10),
(98, 3, 2, 2, 2, 100, 70),
(99, 3, 2, 2, 3, 200, 70),
(100, 3, 2, 2, 4, 300, 70),
(101, 3, 2, 2, 5, 150, 250),
(102, 3, 2, 2, 6, 250, 250),
(103, 4, 2, 2, 1, 30, 10),
(104, 4, 2, 2, 2, 120, 80),
(105, 4, 2, 2, 3, 220, 75),
(106, 4, 2, 2, 4, 380, 60),
(107, 4, 2, 2, 5, 160, 270),
(108, 4, 2, 2, 6, 240, 220),
(109, 1, 2, 2, 1, 30, 10),
(110, 1, 2, 2, 2, 90, 75),
(111, 1, 2, 2, 3, 240, 60),
(112, 1, 2, 2, 4, 290, 72),
(113, 1, 2, 2, 5, 140, 300),
(114, 1, 2, 2, 6, 220, 230),
(115, 2, 2, 2, 1, 30, 10),
(116, 2, 2, 2, 2, 116, 65),
(117, 2, 2, 2, 3, 215, 75),
(118, 2, 2, 2, 4, 310, 80),
(119, 2, 2, 2, 5, 155, 240),
(120, 2, 2, 2, 6, 275, 265),
(121, 3, 2, 2, 1, 30, 10),
(122, 3, 2, 2, 2, 110, 75),
(123, 3, 2, 2, 3, 210, 70),
(124, 3, 2, 2, 4, 310, 75),
(125, 3, 2, 2, 5, 140, 240),
(126, 3, 2, 2, 6, 260, 250),
(127, 4, 2, 2, 1, 30, 10),
(128, 4, 2, 2, 2, 120, 80),
(129, 4, 2, 2, 3, 200, 75),
(130, 4, 2, 2, 4, 280, 60),
(131, 4, 2, 2, 5, 160, 270),
(132, 4, 2, 2, 6, 240, 220),
(133, 1, 2, 2, 1, 30, 10),
(134, 1, 2, 2, 2, 90, 75),
(135, 1, 2, 2, 3, 240, 60),
(136, 1, 2, 2, 4, 290, 72),
(137, 1, 2, 2, 5, 140, 300),
(138, 1, 2, 2, 6, 220, 230),
(139, 2, 2, 2, 1, 30, 10),
(140, 2, 2, 2, 2, 110, 75),
(141, 2, 2, 2, 3, 200, 75),
(142, 2, 2, 2, 4, 300, 80),
(143, 2, 2, 2, 5, 160, 240),
(144, 2, 2, 2, 6, 280, 260),
(145, 3, 3, 2, 1, 30, 10),
(146, 3, 3, 2, 2, 90, 70),
(147, 3, 3, 2, 3, 190, 70),
(148, 3, 3, 2, 4, 320, 70),
(149, 3, 3, 2, 5, 100, 250),
(150, 3, 3, 2, 6, 270, 250),
(151, 4, 3, 2, 1, 30, 10),
(152, 4, 3, 2, 2, 120, 80),
(153, 4, 3, 2, 3, 220, 75),
(154, 4, 3, 2, 4, 380, 60),
(155, 4, 3, 2, 5, 160, 270),
(156, 4, 3, 2, 6, 240, 220),
(157, 1, 3, 2, 1, 30, 10),
(158, 1, 3, 2, 2, 100, 80),
(159, 1, 3, 2, 3, 260, 45),
(160, 1, 3, 2, 4, 300, 80),
(161, 1, 3, 2, 5, 160, 310),
(162, 1, 3, 2, 6, 270, 260),
(163, 2, 3, 2, 1, 30, 10),
(164, 2, 3, 2, 2, 120, 70),
(165, 2, 3, 2, 3, 230, 80),
(166, 2, 3, 2, 4, 290, 65),
(167, 2, 3, 2, 5, 140, 230),
(168, 2, 3, 2, 6, 260, 270),
(169, 3, 3, 2, 1, 30, 10),
(170, 3, 3, 2, 2, 120, 80),
(171, 3, 3, 2, 3, 200, 70),
(172, 3, 3, 2, 4, 300, 75),
(173, 3, 3, 2, 5, 150, 230),
(174, 3, 3, 2, 6, 250, 220),
(175, 4, 3, 2, 1, 30, 10),
(176, 4, 3, 2, 2, 150, 80),
(177, 4, 3, 2, 3, 230, 73),
(178, 4, 3, 2, 4, 250, 40),
(179, 4, 3, 2, 5, 100, 250),
(180, 4, 3, 2, 6, 230, 230),
(181, 1, 3, 2, 1, 30, 10),
(182, 1, 3, 2, 2, 100, 75),
(183, 1, 3, 2, 3, 200, 60),
(184, 1, 3, 2, 4, 250, 75),
(185, 1, 3, 2, 5, 150, 280),
(186, 1, 3, 2, 6, 220, 235),
(187, 2, 3, 2, 1, 30, 10),
(188, 2, 3, 2, 2, 130, 75),
(189, 2, 3, 2, 3, 190, 75),
(190, 2, 3, 2, 4, 270, 65),
(191, 2, 3, 2, 5, 170, 245),
(192, 2, 3, 2, 6, 280, 255),
(193, 3, 2, 3, 1, 30, 10),
(194, 3, 2, 3, 2, 100, 70),
(195, 3, 2, 3, 3, 200, 70),
(196, 3, 2, 3, 4, 300, 70),
(197, 3, 2, 3, 5, 150, 250),
(198, 3, 2, 3, 6, 250, 250),
(199, 4, 2, 3, 1, 30, 10),
(200, 4, 2, 3, 2, 120, 80),
(201, 4, 2, 3, 3, 220, 75),
(202, 4, 2, 3, 4, 380, 60),
(203, 4, 2, 3, 5, 160, 270),
(204, 4, 2, 3, 6, 240, 220),
(205, 1, 2, 3, 1, 30, 10),
(206, 1, 2, 3, 2, 90, 75),
(207, 1, 2, 3, 3, 240, 60),
(208, 1, 2, 3, 4, 290, 72),
(209, 1, 2, 3, 5, 140, 300),
(210, 1, 2, 3, 6, 220, 230),
(211, 2, 2, 3, 1, 30, 10),
(212, 2, 2, 3, 2, 116, 65),
(213, 2, 2, 3, 3, 215, 75),
(214, 2, 2, 3, 4, 310, 80),
(215, 2, 2, 3, 5, 155, 240),
(216, 2, 2, 3, 6, 275, 265),
(217, 3, 2, 3, 1, 30, 10),
(218, 3, 2, 3, 2, 110, 75),
(219, 3, 2, 3, 3, 210, 70),
(220, 3, 2, 3, 4, 310, 75),
(221, 3, 2, 3, 5, 140, 240),
(222, 3, 2, 3, 6, 260, 250),
(223, 4, 2, 3, 1, 30, 10),
(224, 4, 2, 3, 2, 120, 80),
(225, 4, 2, 3, 3, 200, 75),
(226, 4, 2, 3, 4, 280, 60),
(227, 4, 2, 3, 5, 160, 270),
(228, 4, 2, 3, 6, 240, 220),
(229, 1, 2, 3, 1, 30, 10),
(230, 1, 2, 3, 2, 90, 75),
(231, 1, 2, 3, 3, 240, 60),
(232, 1, 2, 3, 4, 290, 72),
(233, 1, 2, 3, 5, 140, 300),
(234, 1, 2, 3, 6, 220, 230),
(235, 2, 2, 3, 1, 30, 10),
(236, 2, 2, 3, 2, 110, 75),
(237, 2, 2, 3, 3, 200, 75),
(238, 2, 2, 3, 4, 300, 80),
(239, 2, 2, 3, 5, 160, 240),
(240, 2, 2, 3, 6, 280, 260),
(241, 3, 3, 3, 1, 30, 10),
(242, 3, 3, 3, 2, 90, 70),
(243, 3, 3, 3, 3, 190, 70),
(244, 3, 3, 3, 4, 320, 70),
(245, 3, 3, 3, 5, 100, 250),
(246, 3, 3, 3, 6, 270, 250),
(247, 4, 3, 3, 1, 30, 10),
(248, 4, 3, 3, 2, 120, 80),
(249, 4, 3, 3, 3, 220, 75),
(250, 4, 3, 3, 4, 380, 60),
(251, 4, 3, 3, 5, 160, 270),
(252, 4, 3, 3, 6, 240, 220),
(253, 1, 3, 3, 1, 30, 10),
(254, 1, 3, 3, 2, 100, 80),
(255, 1, 3, 3, 3, 260, 45),
(256, 1, 3, 3, 4, 300, 80),
(257, 1, 3, 3, 5, 160, 310),
(258, 1, 3, 3, 6, 270, 260),
(259, 2, 3, 3, 1, 30, 10),
(260, 2, 3, 3, 2, 120, 70),
(261, 2, 3, 3, 3, 230, 80),
(262, 2, 3, 3, 4, 290, 65),
(263, 2, 3, 3, 5, 140, 230),
(264, 2, 3, 3, 6, 260, 270),
(265, 3, 3, 3, 1, 30, 10),
(266, 3, 3, 3, 2, 120, 80),
(267, 3, 3, 3, 3, 200, 70),
(268, 3, 3, 3, 4, 300, 75),
(269, 3, 3, 3, 5, 150, 230),
(270, 3, 3, 3, 6, 250, 220),
(271, 4, 3, 3, 1, 30, 10),
(272, 4, 3, 3, 2, 150, 80),
(273, 4, 3, 3, 3, 230, 73),
(274, 4, 3, 3, 4, 250, 40),
(275, 4, 3, 3, 5, 100, 250),
(276, 4, 3, 3, 6, 230, 230),
(277, 1, 3, 3, 1, 30, 10),
(278, 1, 3, 3, 2, 100, 75),
(279, 1, 3, 3, 3, 200, 60),
(280, 1, 3, 3, 4, 250, 75),
(281, 1, 3, 3, 5, 150, 280),
(282, 1, 3, 3, 6, 220, 235),
(283, 2, 3, 3, 1, 30, 10),
(284, 2, 3, 3, 2, 130, 75),
(285, 2, 3, 3, 3, 190, 75),
(286, 2, 3, 3, 4, 270, 65),
(287, 2, 3, 3, 5, 170, 245),
(288, 2, 3, 3, 6, 280, 255),
(289, 3, 2, 4, 1, 30, 10),
(290, 3, 2, 4, 2, 100, 70),
(291, 3, 2, 4, 3, 200, 70),
(292, 3, 2, 4, 4, 300, 70),
(293, 3, 2, 4, 5, 150, 250),
(294, 3, 2, 4, 6, 250, 250),
(295, 4, 2, 4, 1, 30, 10),
(296, 4, 2, 4, 2, 120, 80),
(297, 4, 2, 4, 3, 220, 75),
(298, 4, 2, 4, 4, 380, 60),
(299, 4, 2, 4, 5, 160, 270),
(300, 4, 2, 4, 6, 240, 220),
(301, 1, 2, 4, 1, 30, 10),
(302, 1, 2, 4, 2, 90, 75),
(303, 1, 2, 4, 3, 240, 60),
(304, 1, 2, 4, 4, 290, 72),
(305, 1, 2, 4, 5, 140, 300),
(306, 1, 2, 4, 6, 220, 230),
(307, 2, 2, 4, 1, 30, 10),
(308, 2, 2, 4, 2, 116, 65),
(309, 2, 2, 4, 3, 215, 75),
(310, 2, 2, 4, 4, 310, 80),
(311, 2, 2, 4, 5, 155, 240),
(312, 2, 2, 4, 6, 275, 265),
(313, 3, 2, 4, 1, 30, 10),
(314, 3, 2, 4, 2, 110, 75),
(315, 3, 2, 4, 3, 210, 70),
(316, 3, 2, 4, 4, 310, 75),
(317, 3, 2, 4, 5, 140, 240),
(318, 3, 2, 4, 6, 260, 250),
(319, 4, 2, 4, 1, 30, 10),
(320, 4, 2, 4, 2, 120, 80),
(321, 4, 2, 4, 3, 200, 75),
(322, 4, 2, 4, 4, 280, 60),
(323, 4, 2, 4, 5, 160, 270),
(324, 4, 2, 4, 6, 240, 220),
(325, 1, 2, 4, 1, 30, 10),
(326, 1, 2, 4, 2, 90, 75),
(327, 1, 2, 4, 3, 240, 60),
(328, 1, 2, 4, 4, 290, 72),
(329, 1, 2, 4, 5, 140, 300),
(330, 1, 2, 4, 6, 220, 230),
(331, 2, 2, 4, 1, 30, 10),
(332, 2, 2, 4, 2, 110, 75),
(333, 2, 2, 4, 3, 200, 75),
(334, 2, 2, 4, 4, 300, 80),
(335, 2, 2, 4, 5, 160, 240),
(336, 2, 2, 4, 6, 280, 260),
(337, 3, 3, 4, 1, 30, 10),
(338, 3, 3, 4, 2, 90, 70),
(339, 3, 3, 4, 3, 190, 70),
(340, 3, 3, 4, 4, 320, 70),
(341, 3, 3, 4, 5, 100, 250),
(342, 3, 3, 4, 6, 270, 250),
(343, 4, 3, 4, 1, 30, 10),
(344, 4, 3, 4, 2, 120, 80),
(345, 4, 3, 4, 3, 220, 75),
(346, 4, 3, 4, 4, 380, 60),
(347, 4, 3, 4, 5, 160, 270),
(348, 4, 3, 4, 6, 240, 220),
(349, 1, 3, 4, 1, 30, 10),
(350, 1, 3, 4, 2, 100, 80),
(351, 1, 3, 4, 3, 260, 45),
(352, 1, 3, 4, 4, 300, 80),
(353, 1, 3, 4, 5, 160, 310),
(354, 1, 3, 4, 6, 270, 260),
(355, 2, 3, 4, 1, 30, 10),
(356, 2, 3, 4, 2, 120, 70),
(357, 2, 3, 4, 3, 230, 80),
(358, 2, 3, 4, 4, 290, 65),
(359, 2, 3, 4, 5, 140, 230),
(360, 2, 3, 4, 6, 260, 270),
(361, 3, 3, 4, 1, 30, 10),
(362, 3, 3, 4, 2, 120, 80),
(363, 3, 3, 4, 3, 200, 70),
(364, 3, 3, 4, 4, 300, 75),
(365, 3, 3, 4, 5, 150, 230),
(366, 3, 3, 4, 6, 250, 220),
(367, 4, 3, 4, 1, 30, 10),
(368, 4, 3, 4, 2, 150, 80),
(369, 4, 3, 4, 3, 230, 73),
(370, 4, 3, 4, 4, 250, 40),
(371, 4, 3, 4, 5, 100, 250),
(372, 4, 3, 4, 6, 230, 230),
(373, 1, 3, 4, 1, 30, 10),
(374, 1, 3, 4, 2, 100, 75),
(375, 1, 3, 4, 3, 200, 60),
(376, 1, 3, 4, 4, 250, 75),
(377, 1, 3, 4, 5, 150, 280),
(378, 1, 3, 4, 6, 220, 235),
(379, 2, 3, 4, 1, 30, 10),
(380, 2, 3, 4, 2, 130, 75),
(381, 2, 3, 4, 3, 190, 75),
(382, 2, 3, 4, 4, 270, 65),
(383, 2, 3, 4, 5, 170, 245),
(384, 2, 3, 4, 6, 280, 255),
(385, 3, 2, 5, 1, 30, 10),
(386, 3, 2, 5, 2, 100, 70),
(387, 3, 2, 5, 3, 200, 70),
(388, 3, 2, 5, 4, 300, 70),
(389, 3, 2, 5, 5, 150, 250),
(390, 3, 2, 5, 6, 250, 250),
(391, 4, 2, 5, 1, 30, 10),
(392, 4, 2, 5, 2, 120, 80),
(393, 4, 2, 5, 3, 220, 75),
(394, 4, 2, 5, 4, 380, 60),
(395, 4, 2, 5, 5, 160, 270),
(396, 4, 2, 5, 6, 240, 220),
(397, 1, 2, 5, 1, 30, 10),
(398, 1, 2, 5, 2, 90, 75),
(399, 1, 2, 5, 3, 240, 60),
(400, 1, 2, 5, 4, 290, 72),
(401, 1, 2, 5, 5, 140, 300),
(402, 1, 2, 5, 6, 220, 230),
(403, 2, 2, 5, 1, 30, 10),
(404, 2, 2, 5, 2, 116, 65),
(405, 2, 2, 5, 3, 215, 75),
(406, 2, 2, 5, 4, 310, 80),
(407, 2, 2, 5, 5, 155, 240),
(408, 2, 2, 5, 6, 275, 265),
(409, 3, 2, 5, 1, 30, 10),
(410, 3, 2, 5, 2, 110, 75),
(411, 3, 2, 5, 3, 210, 70),
(412, 3, 2, 5, 4, 310, 75),
(413, 3, 2, 5, 5, 140, 240),
(414, 3, 2, 5, 6, 260, 250),
(415, 4, 2, 5, 1, 30, 10),
(416, 4, 2, 5, 2, 120, 80),
(417, 4, 2, 5, 3, 200, 75),
(418, 4, 2, 5, 4, 280, 60),
(419, 4, 2, 5, 5, 160, 270),
(420, 4, 2, 5, 6, 240, 220),
(421, 1, 2, 5, 1, 30, 10),
(422, 1, 2, 5, 2, 90, 75),
(423, 1, 2, 5, 3, 240, 60),
(424, 1, 2, 5, 4, 290, 72),
(425, 1, 2, 5, 5, 140, 300),
(426, 1, 2, 5, 6, 220, 230),
(427, 2, 2, 5, 1, 30, 10),
(428, 2, 2, 5, 2, 110, 75),
(429, 2, 2, 5, 3, 200, 75),
(430, 2, 2, 5, 4, 300, 80),
(431, 2, 2, 5, 5, 160, 240),
(432, 2, 2, 5, 6, 280, 260),
(433, 3, 3, 5, 1, 30, 10),
(434, 3, 3, 5, 2, 90, 70),
(435, 3, 3, 5, 3, 190, 70),
(436, 3, 3, 5, 4, 320, 70),
(437, 3, 3, 5, 5, 100, 250),
(438, 3, 3, 5, 6, 270, 250),
(439, 4, 3, 5, 1, 30, 10),
(440, 4, 3, 5, 2, 120, 80),
(441, 4, 3, 5, 3, 220, 75),
(442, 4, 3, 5, 4, 380, 60),
(443, 4, 3, 5, 5, 160, 270),
(444, 4, 3, 5, 6, 240, 220),
(445, 1, 3, 5, 1, 30, 10),
(446, 1, 3, 5, 2, 100, 80),
(447, 1, 3, 5, 3, 260, 45),
(448, 1, 3, 5, 4, 300, 80),
(449, 1, 3, 5, 5, 160, 310),
(450, 1, 3, 5, 6, 270, 260),
(451, 2, 3, 5, 1, 30, 10),
(452, 2, 3, 5, 2, 120, 70),
(453, 2, 3, 5, 3, 230, 80),
(454, 2, 3, 5, 4, 290, 65),
(455, 2, 3, 5, 5, 140, 230),
(456, 2, 3, 5, 6, 260, 270),
(457, 3, 3, 5, 1, 30, 10),
(458, 3, 3, 5, 2, 120, 80),
(459, 3, 3, 5, 3, 200, 70),
(460, 3, 3, 5, 4, 300, 75),
(461, 3, 3, 5, 5, 150, 230),
(462, 3, 3, 5, 6, 250, 220),
(463, 4, 3, 5, 1, 30, 10),
(464, 4, 3, 5, 2, 150, 80),
(465, 4, 3, 5, 3, 230, 73),
(466, 4, 3, 5, 4, 250, 40),
(467, 4, 3, 5, 5, 100, 250),
(468, 4, 3, 5, 6, 230, 230),
(469, 1, 3, 5, 1, 30, 10),
(470, 1, 3, 5, 2, 100, 75),
(471, 1, 3, 5, 3, 200, 60),
(472, 1, 3, 5, 4, 250, 75),
(473, 1, 3, 5, 5, 150, 280),
(474, 1, 3, 5, 6, 220, 235),
(475, 2, 3, 5, 1, 30, 10),
(476, 2, 3, 5, 2, 130, 75),
(477, 2, 3, 5, 3, 190, 75),
(478, 2, 3, 5, 4, 270, 65),
(479, 2, 3, 5, 5, 170, 245),
(480, 2, 3, 5, 6, 280, 255),
(481, 3, 2, 6, 1, 30, 10),
(482, 3, 2, 6, 2, 100, 70),
(483, 3, 2, 6, 3, 200, 70),
(484, 3, 2, 6, 4, 300, 70),
(485, 3, 2, 6, 5, 150, 250),
(486, 3, 2, 6, 6, 250, 250),
(487, 4, 2, 6, 1, 30, 10),
(488, 4, 2, 6, 2, 120, 80),
(489, 4, 2, 6, 3, 220, 75),
(490, 4, 2, 6, 4, 380, 60),
(491, 4, 2, 6, 5, 160, 270),
(492, 4, 2, 6, 6, 240, 220),
(493, 1, 2, 6, 1, 30, 10),
(494, 1, 2, 6, 2, 90, 75),
(495, 1, 2, 6, 3, 240, 60),
(496, 1, 2, 6, 4, 290, 72),
(497, 1, 2, 6, 5, 140, 300),
(498, 1, 2, 6, 6, 220, 230),
(499, 2, 2, 6, 1, 30, 10),
(500, 2, 2, 6, 2, 116, 65),
(501, 2, 2, 6, 3, 215, 75),
(502, 2, 2, 6, 4, 310, 80),
(503, 2, 2, 6, 5, 155, 240),
(504, 2, 2, 6, 6, 275, 265),
(505, 3, 2, 6, 1, 30, 10),
(506, 3, 2, 6, 2, 110, 75),
(507, 3, 2, 6, 3, 210, 70),
(508, 3, 2, 6, 4, 310, 75),
(509, 3, 2, 6, 5, 140, 240),
(510, 3, 2, 6, 6, 260, 250),
(511, 4, 2, 6, 1, 30, 10),
(512, 4, 2, 6, 2, 120, 80),
(513, 4, 2, 6, 3, 200, 75),
(514, 4, 2, 6, 4, 280, 60),
(515, 4, 2, 6, 5, 160, 270),
(516, 4, 2, 6, 6, 240, 220),
(517, 1, 2, 6, 1, 30, 10),
(518, 1, 2, 6, 2, 90, 75),
(519, 1, 2, 6, 3, 240, 60),
(520, 1, 2, 6, 4, 290, 72),
(521, 1, 2, 6, 5, 140, 300),
(522, 1, 2, 6, 6, 220, 230),
(523, 2, 2, 6, 1, 30, 10),
(524, 2, 2, 6, 2, 110, 75),
(525, 2, 2, 6, 3, 200, 75),
(526, 2, 2, 6, 4, 300, 80),
(527, 2, 2, 6, 5, 160, 240),
(528, 2, 2, 6, 6, 280, 260),
(529, 3, 3, 6, 1, 30, 10),
(530, 3, 3, 6, 2, 90, 70),
(531, 3, 3, 6, 3, 190, 70),
(532, 3, 3, 6, 4, 320, 70),
(533, 3, 3, 6, 5, 100, 250),
(534, 3, 3, 6, 6, 270, 250),
(535, 4, 3, 6, 1, 30, 10),
(536, 4, 3, 6, 2, 120, 80),
(537, 4, 3, 6, 3, 220, 75),
(538, 4, 3, 6, 4, 380, 60),
(539, 4, 3, 6, 5, 160, 270),
(540, 4, 3, 6, 6, 240, 220),
(541, 1, 3, 6, 1, 30, 10),
(542, 1, 3, 6, 2, 100, 80),
(543, 1, 3, 6, 3, 260, 45),
(544, 1, 3, 6, 4, 300, 80),
(545, 1, 3, 6, 5, 160, 310),
(546, 1, 3, 6, 6, 270, 260),
(547, 2, 3, 6, 1, 30, 10),
(548, 2, 3, 6, 2, 120, 70),
(549, 2, 3, 6, 3, 230, 80),
(550, 2, 3, 6, 4, 290, 65),
(551, 2, 3, 6, 5, 140, 230),
(552, 2, 3, 6, 6, 260, 270),
(553, 3, 3, 6, 1, 30, 10),
(554, 3, 3, 6, 2, 120, 80),
(555, 3, 3, 6, 3, 200, 70),
(556, 3, 3, 6, 4, 300, 75),
(557, 3, 3, 6, 5, 150, 230),
(558, 3, 3, 6, 6, 250, 220),
(559, 4, 3, 6, 1, 30, 10),
(560, 4, 3, 6, 2, 150, 80),
(561, 4, 3, 6, 3, 230, 73),
(562, 4, 3, 6, 4, 250, 40),
(563, 4, 3, 6, 5, 100, 250),
(564, 4, 3, 6, 6, 230, 230),
(565, 1, 3, 6, 1, 30, 10),
(566, 1, 3, 6, 2, 100, 75),
(567, 1, 3, 6, 3, 200, 60),
(568, 1, 3, 6, 4, 250, 75),
(569, 1, 3, 6, 5, 150, 280),
(570, 1, 3, 6, 6, 220, 235),
(571, 2, 3, 6, 1, 30, 10),
(572, 2, 3, 6, 2, 130, 75),
(573, 2, 3, 6, 3, 190, 75),
(574, 2, 3, 6, 4, 270, 65),
(575, 2, 3, 6, 5, 170, 245),
(576, 2, 3, 6, 6, 280, 255);

--
-- ダンプしたテーブルのインデックス
--

--
-- テーブルのインデックス `answer`
--
ALTER TABLE `answer`
  ADD PRIMARY KEY (`answer_id`);

--
-- テーブルのインデックス `lr.coef_`
--
ALTER TABLE `lr.coef_`
  ADD PRIMARY KEY (`lr.coef_id`);

--
-- テーブルのインデックス `movie`
--
ALTER TABLE `movie`
  ADD PRIMARY KEY (`movie_id`);

--
-- テーブルのインデックス `player`
--
ALTER TABLE `player`
  ADD PRIMARY KEY (`player_id`);

--
-- テーブルのインデックス `register`
--
ALTER TABLE `register`
  ADD PRIMARY KEY (`register_id`);

--
-- ダンプしたテーブルの AUTO_INCREMENT
--

--
-- テーブルの AUTO_INCREMENT `answer`
--
ALTER TABLE `answer`
  MODIFY `answer_id` int(11) NOT NULL AUTO_INCREMENT, AUTO_INCREMENT=88;

--
-- テーブルの AUTO_INCREMENT `lr.coef_`
--
ALTER TABLE `lr.coef_`
  MODIFY `lr.coef_id` int(11) NOT NULL AUTO_INCREMENT;

--
-- テーブルの AUTO_INCREMENT `movie`
--
ALTER TABLE `movie`
  MODIFY `movie_id` int(11) NOT NULL AUTO_INCREMENT, AUTO_INCREMENT=7;

--
-- テーブルの AUTO_INCREMENT `register`
--
ALTER TABLE `register`
  MODIFY `register_id` int(11) NOT NULL AUTO_INCREMENT, AUTO_INCREMENT=577;
COMMIT;

/*!40101 SET CHARACTER_SET_CLIENT=@OLD_CHARACTER_SET_CLIENT */;
/*!40101 SET CHARACTER_SET_RESULTS=@OLD_CHARACTER_SET_RESULTS */;
/*!40101 SET COLLATION_CONNECTION=@OLD_COLLATION_CONNECTION */;
