-- phpMyAdmin SQL Dump
-- version 5.2.0
-- https://www.phpmyadmin.net/
--
-- ホスト: 127.0.0.1
-- 生成日時: 2022-07-04 09:00:19
-- サーバのバージョン： 10.4.24-MariaDB
-- PHP のバージョン: 8.1.6

SET SQL_MODE = "NO_AUTO_VALUE_ON_ZERO";
START TRANSACTION;
SET time_zone = "+00:00";


/*!40101 SET @OLD_CHARACTER_SET_CLIENT=@@CHARACTER_SET_CLIENT */;
/*!40101 SET @OLD_CHARACTER_SET_RESULTS=@@CHARACTER_SET_RESULTS */;
/*!40101 SET @OLD_COLLATION_CONNECTION=@@COLLATION_CONNECTION */;
/*!40101 SET NAMES utf8mb4 */;

--
-- データベース: `omiai_db`
--

-- --------------------------------------------------------

--
-- テーブルの構造 `answer`
--

CREATE TABLE `answer` (
  `answer_id` int(11) NOT NULL,
  `movie_id` int(11) NOT NULL,
  `experience_years` int(11) NOT NULL,
  `player_id` int(11) NOT NULL,
  `left_or_right` int(11) NOT NULL
) ENGINE=InnoDB DEFAULT CHARSET=utf8 COLLATE=utf8_bin;

--
-- テーブルのデータのダンプ `answer`
--

INSERT INTO `answer` (`answer_id`, `movie_id`, `experience_years`, `player_id`, `left_or_right`) VALUES
(1, 1, 2, 3, 1),
(2, 1, 2, 1, 0),
(3, 2, 2, 3, 1),
(4, 1, 2, 1, 0),
(5, 1, 2, 3, 1),
(6, 1, 2, 1, 0),
(7, 1, 2, 1, 0),
(8, 1, 2, 1, 0),
(9, 1, 2, 1, 0),
(10, 1, 2, 3, 1),
(11, 1, 2, 3, 1),
(12, 1, 2, 3, 1),
(13, 1, 2, 3, 1),
(14, 1, 2, 3, 1),
(15, 1, 2, 3, 1),
(16, 1, 2, 3, 1),
(17, 2, 2, 1, 0),
(18, 3, 2, 4, 1),
(19, 4, 2, 2, 0),
(20, 5, 2, 5, 1),
(21, 1, 2, 3, 1),
(22, 1, 2, 3, 1),
(23, 1, 2, 1, 0),
(24, 1, 2, 3, 1),
(25, 2, 2, 3, 1),
(26, 3, 2, 2, 0),
(27, 4, 2, 2, 0),
(28, 5, 2, 5, 1),
(29, 6, 2, 3, 0),
(30, 1, 2, 3, 1),
(31, 2, 2, 1, 0),
(32, 3, 2, 4, 1),
(33, 4, 2, 2, 0),
(34, 5, 2, 5, 1),
(35, 6, 2, 5, 1),
(36, 1, 2, 3, 1),
(37, 2, 2, 1, 0),
(38, 3, 2, 4, 1),
(39, 4, 2, 4, 1),
(40, 5, 2, 5, 1),
(41, 6, 2, 5, 1),
(42, 1, 2, 3, 1),
(43, 2, 2, 1, 0),
(44, 3, 2, 4, 1),
(45, 4, 2, 2, 0),
(46, 5, 2, 3, 0),
(47, 6, 2, 3, 0),
(48, 1, 2, 3, 1),
(49, 2, 2, 1, 0),
(50, 3, 2, 4, 1),
(51, 4, 2, 2, 0),
(52, 5, 2, 5, 1),
(53, 6, 2, 3, 0),
(54, 1, 2, 3, 1),
(55, 2, 2, 1, 0),
(56, 3, 2, 2, 0),
(57, 4, 2, 2, 0),
(58, 5, 2, 3, 0),
(59, 6, 2, 3, 0),
(60, 1, 2, 1, 0),
(61, 2, 2, 1, 0),
(62, 3, 2, 2, 0),
(63, 4, 2, 2, 0),
(64, 5, 2, 3, 0),
(65, 6, 2, 3, 0),
(66, 1, 2, 3, 1),
(67, 2, 2, 1, 0),
(68, 3, 2, 4, 1),
(69, 4, 2, 2, 0),
(70, 5, 2, 5, 1),
(71, 6, 2, 3, 0),
(72, 1, 2, 3, 1),
(73, 1, 2, 3, 1),
(74, 1, 2, 3, 1),
(75, 1, 2, 1, 0),
(76, 1, 2, 1, 0),
(77, 2, 2, 3, 1),
(78, 3, 2, 2, 0),
(79, 4, 2, 4, 1),
(80, 5, 2, 5, 1),
(81, 6, 2, 3, 0),
(82, 1, 2, 3, 1),
(83, 2, 2, 1, 0),
(84, 3, 2, 4, 1),
(85, 4, 2, 2, 0),
(86, 5, 2, 5, 1),
(87, 6, 2, 3, 0);

-- --------------------------------------------------------

--
-- テーブルの構造 `lr.coef_`
--

CREATE TABLE `lr.coef_` (
  `lr.coef_id` int(11) NOT NULL,
  `type` int(11) NOT NULL,
  `color` varchar(11) NOT NULL,
  `left_player` int(11) NOT NULL,
  `right_player` int(11) NOT NULL,
  `data` double NOT NULL,
  `date` date NOT NULL
) ENGINE=InnoDB DEFAULT CHARSET=utf8mb4;

--
-- テーブルのデータのダンプ `lr.coef_`
--

INSERT INTO `lr.coef_` (`lr.coef_id`, `type`, `color`, `left_player`, `right_player`, `data`, `date`) VALUES
(1, 0, 'blue', 2, 4, 0, '2022-07-04'),
(2, 0, 'blue', 2, 4, 0, '2022-07-04'),
(3, 0, 'blue', 2, 4, 0, '2022-07-04'),
(4, 0, 'blue', 2, 4, 0.3571408153409, '2022-07-04'),
(5, 0, 'blue', 2, 4, 0, '2022-07-04'),
(6, 0, 'blue', 2, 4, -0.48814582974076, '2022-07-04'),
(7, 0, 'blue', 2, 4, 0, '2022-07-04'),
(8, 0, 'blue', 2, 4, 0, '2022-07-04'),
(9, 0, 'blue', 2, 4, 0, '2022-07-04'),
(10, 0, 'blue', 2, 4, 0.3571408153409, '2022-07-04'),
(11, 0, 'blue', 2, 4, 0, '2022-07-04'),
(12, 0, 'blue', 2, 4, -0.48814582974076, '2022-07-04'),
(13, 0, 'blue', 2, 4, 0, '2022-07-04'),
(14, 0, 'blue', 2, 4, 0, '2022-07-04'),
(15, 0, 'blue', 2, 4, 0, '2022-07-04'),
(16, 0, 'blue', 2, 4, 0, '2022-07-04'),
(17, 0, 'blue', 2, 4, 0, '2022-07-04'),
(18, 0, 'blue', 2, 4, 0, '2022-07-04'),
(19, 0, 'blue', 2, 4, 0.70173700084464, '2022-07-04'),
(20, 0, 'blue', 2, 4, 0, '2022-07-04'),
(21, 0, 'blue', 2, 4, 0, '2022-07-04'),
(22, 0, 'blue', 2, 4, 0, '2022-07-04'),
(23, 0, 'blue', 2, 4, 0, '2022-07-04'),
(24, 0, 'blue', 2, 4, 0, '2022-07-04'),
(25, 0, 'blue', 2, 4, 0, '2022-07-04'),
(26, 0, 'blue', 2, 4, -0.23828668302786, '2022-07-04'),
(27, 0, 'blue', 2, 4, 0, '2022-07-04'),
(28, 0, 'blue', 2, 4, 0, '2022-07-04'),
(29, 0, 'blue', 2, 4, 0, '2022-07-04'),
(30, 0, 'blue', 2, 4, 0, '2022-07-04'),
(31, 0, 'blue', 2, 4, 0.3571408153409, '2022-07-04'),
(32, 0, 'blue', 2, 4, 0, '2022-07-04'),
(33, 0, 'blue', 2, 4, -0.48814582974076, '2022-07-04'),
(34, 0, 'blue', 2, 4, 0, '2022-07-04'),
(35, 0, 'blue', 2, 4, 0, '2022-07-04'),
(36, 0, 'blue', 2, 4, 0, '2022-07-04'),
(37, 0, 'blue', 2, 4, 0, '2022-07-04'),
(38, 0, 'blue', 2, 4, 0, '2022-07-04'),
(39, 0, 'blue', 2, 4, 0, '2022-07-04'),
(40, 0, 'blue', 2, 4, 0.70173700084464, '2022-07-04'),
(41, 0, 'blue', 2, 4, 0, '2022-07-04'),
(42, 0, 'blue', 2, 4, 0, '2022-07-04'),
(43, 0, 'blue', 2, 4, 0, '2022-07-04'),
(44, 0, 'blue', 2, 4, 0, '2022-07-04'),
(45, 0, 'blue', 2, 4, 0, '2022-07-04'),
(46, 0, 'blue', 2, 4, 0, '2022-07-04'),
(47, 0, 'blue', 2, 4, -0.23828668302786, '2022-07-04'),
(48, 0, 'blue', 2, 4, 0, '2022-07-04'),
(49, 0, 'blue', 2, 4, 0, '2022-07-04'),
(50, 0, 'blue', 2, 4, 0, '2022-07-04'),
(51, 0, 'blue', 2, 4, 0, '2022-07-04'),
(52, 0, 'blue', 2, 4, 0, '2022-07-04'),
(53, 0, 'blue', 2, 4, 0, '2022-07-04'),
(54, 0, 'blue', 2, 4, 0, '2022-07-04'),
(55, 0, 'blue', 2, 4, 0, '2022-07-04'),
(56, 0, 'blue', 2, 4, 0, '2022-07-04'),
(57, 0, 'blue', 2, 4, 0, '2022-07-04'),
(58, 0, 'blue', 2, 4, 0, '2022-07-04'),
(59, 0, 'blue', 2, 4, 0, '2022-07-04'),
(60, 0, 'blue', 2, 4, 0, '2022-07-04'),
(61, 0, 'blue', 2, 4, 0, '2022-07-04'),
(62, 0, 'blue', 2, 4, 0, '2022-07-04'),
(63, 0, 'blue', 2, 4, 0, '2022-07-04'),
(64, 0, 'blue', 2, 4, 0, '2022-07-04'),
(65, 0, 'blue', 2, 4, 0.7487467397237, '2022-07-04'),
(66, 0, 'blue', 2, 4, 0.093359350515108, '2022-07-04'),
(67, 0, 'blue', 2, 4, 0.59622926216385, '2022-07-04'),
(68, 0, 'blue', 2, 4, 0.093359350515108, '2022-07-04'),
(69, 0, 'blue', 2, 4, 0, '2022-07-04'),
(70, 0, 'blue', 2, 4, 0, '2022-07-04'),
(71, 0, 'blue', 2, 4, 0, '2022-07-04'),
(72, 0, 'blue', 2, 4, -1.5125468218594, '2022-07-04'),
(73, 0, 'blue', 2, 4, 0, '2022-07-04'),
(74, 0, 'blue', 2, 4, 0, '2022-07-04'),
(75, 0, 'blue', 2, 4, 0, '2022-07-04'),
(76, 0, 'blue', 2, 4, 0, '2022-07-04'),
(77, 0, 'blue', 2, 4, 0, '2022-07-04'),
(78, 0, 'blue', 2, 4, 0, '2022-07-04'),
(79, 0, 'blue', 2, 4, 0, '2022-07-04'),
(80, 0, 'blue', 2, 4, 0, '2022-07-04'),
(81, 0, 'blue', 2, 4, 0, '2022-07-04'),
(82, 0, 'blue', 2, 4, 0, '2022-07-04'),
(83, 0, 'blue', 2, 4, 0, '2022-07-04'),
(84, 0, 'blue', 2, 4, 0, '2022-07-04'),
(85, 0, 'blue', 2, 4, 0.29409906437265, '2022-07-04'),
(86, 0, 'red', 2, 4, 0, '2022-07-04'),
(87, 0, 'red', 2, 4, 0, '2022-07-04'),
(88, 0, 'red', 2, 4, 0, '2022-07-04'),
(89, 0, 'red', 2, 4, -0.10480414384197, '2022-07-04'),
(90, 0, 'red', 2, 4, 0, '2022-07-04'),
(91, 0, 'red', 2, 4, 0.20639683123656, '2022-07-04'),
(92, 0, 'red', 2, 4, 0, '2022-07-04'),
(93, 0, 'red', 2, 4, 0, '2022-07-04'),
(94, 0, 'red', 2, 4, 0, '2022-07-04'),
(95, 0, 'red', 2, 4, -0.10480414384197, '2022-07-04'),
(96, 0, 'red', 2, 4, 0, '2022-07-04'),
(97, 0, 'red', 2, 4, 0.20639683123656, '2022-07-04'),
(98, 0, 'red', 2, 4, 0, '2022-07-04'),
(99, 0, 'red', 2, 4, 0, '2022-07-04'),
(100, 0, 'red', 2, 4, 0, '2022-07-04'),
(101, 0, 'red', 2, 4, 0, '2022-07-04'),
(102, 0, 'red', 2, 4, 0, '2022-07-04'),
(103, 0, 'red', 2, 4, 0, '2022-07-04'),
(104, 0, 'red', 2, 4, -0.10884474840242, '2022-07-04'),
(105, 0, 'red', 2, 4, 0, '2022-07-04'),
(106, 0, 'red', 2, 4, 0, '2022-07-04'),
(107, 0, 'red', 2, 4, 0, '2022-07-04'),
(108, 0, 'red', 2, 4, 0, '2022-07-04'),
(109, 0, 'red', 2, 4, 0, '2022-07-04'),
(110, 0, 'red', 2, 4, 0, '2022-07-04'),
(111, 0, 'red', 2, 4, 0.21487538368668, '2022-07-04'),
(112, 0, 'red', 2, 4, 0, '2022-07-04'),
(113, 0, 'red', 2, 4, 0, '2022-07-04'),
(114, 0, 'red', 2, 4, 0, '2022-07-04'),
(115, 0, 'red', 2, 4, 0, '2022-07-04'),
(116, 0, 'red', 2, 4, -0.10480414384197, '2022-07-04'),
(117, 0, 'red', 2, 4, 0, '2022-07-04'),
(118, 0, 'red', 2, 4, 0.20639683123656, '2022-07-04'),
(119, 0, 'red', 2, 4, 0, '2022-07-04'),
(120, 0, 'red', 2, 4, 0, '2022-07-04'),
(121, 0, 'red', 2, 4, 0, '2022-07-04'),
(122, 0, 'red', 2, 4, 0, '2022-07-04'),
(123, 0, 'red', 2, 4, 0, '2022-07-04'),
(124, 0, 'red', 2, 4, 0, '2022-07-04'),
(125, 0, 'red', 2, 4, -0.10884474840242, '2022-07-04'),
(126, 0, 'red', 2, 4, 0, '2022-07-04'),
(127, 0, 'red', 2, 4, 0, '2022-07-04'),
(128, 0, 'red', 2, 4, 0, '2022-07-04'),
(129, 0, 'red', 2, 4, 0, '2022-07-04'),
(130, 0, 'red', 2, 4, 0, '2022-07-04'),
(131, 0, 'red', 2, 4, 0, '2022-07-04'),
(132, 0, 'red', 2, 4, 0.21487538368668, '2022-07-04'),
(133, 0, 'red', 2, 4, 0, '2022-07-04'),
(134, 0, 'red', 2, 4, 0, '2022-07-04'),
(135, 0, 'red', 2, 4, 0, '2022-07-04'),
(136, 0, 'red', 2, 4, 0, '2022-07-04'),
(137, 0, 'red', 2, 4, 0, '2022-07-04'),
(138, 0, 'red', 2, 4, 0, '2022-07-04'),
(139, 0, 'red', 2, 4, 0, '2022-07-04'),
(140, 0, 'red', 2, 4, 0, '2022-07-04'),
(141, 0, 'red', 2, 4, 0, '2022-07-04'),
(142, 0, 'red', 2, 4, 0, '2022-07-04'),
(143, 0, 'red', 2, 4, 0, '2022-07-04'),
(144, 0, 'red', 2, 4, 0, '2022-07-04'),
(145, 0, 'red', 2, 4, 0, '2022-07-04'),
(146, 0, 'red', 2, 4, 0, '2022-07-04'),
(147, 0, 'red', 2, 4, 0, '2022-07-04'),
(148, 0, 'red', 2, 4, 0, '2022-07-04'),
(149, 0, 'red', 2, 4, 0, '2022-07-04'),
(150, 0, 'red', 2, 4, 0, '2022-07-04'),
(151, 0, 'red', 2, 4, 0, '2022-07-04'),
(152, 0, 'red', 2, 4, -0.48565911231691, '2022-07-04'),
(153, 0, 'red', 2, 4, 0, '2022-07-04'),
(154, 0, 'red', 2, 4, 0, '2022-07-04'),
(155, 0, 'red', 2, 4, 0, '2022-07-04'),
(156, 0, 'red', 2, 4, 0, '2022-07-04'),
(157, 0, 'red', 2, 4, 0, '2022-07-04'),
(158, 0, 'red', 2, 4, 0, '2022-07-04'),
(159, 0, 'red', 2, 4, 0, '2022-07-04'),
(160, 0, 'red', 2, 4, 0, '2022-07-04'),
(161, 0, 'red', 2, 4, 0, '2022-07-04'),
(162, 0, 'red', 2, 4, 0, '2022-07-04'),
(163, 0, 'red', 2, 4, 0, '2022-07-04'),
(164, 0, 'red', 2, 4, 0, '2022-07-04'),
(165, 0, 'red', 2, 4, 0, '2022-07-04'),
(166, 0, 'red', 2, 4, 0.13044220864053, '2022-07-04'),
(167, 0, 'red', 2, 4, 0, '2022-07-04'),
(168, 0, 'red', 2, 4, 0, '2022-07-04'),
(169, 0, 'red', 2, 4, 0, '2022-07-04'),
(170, 0, 'red', 2, 4, 0.16482893790052, '2022-07-04'),
(171, 0, 'green', 2, 4, 0, '2022-07-04'),
(172, 0, 'green', 2, 4, 0, '2022-07-04'),
(173, 0, 'green', 2, 4, 0, '2022-07-04'),
(174, 0, 'green', 2, 4, 0, '2022-07-04'),
(175, 0, 'green', 2, 4, 0, '2022-07-04'),
(176, 0, 'green', 2, 4, 0, '2022-07-04'),
(177, 0, 'green', 2, 4, 0, '2022-07-04'),
(178, 0, 'green', 2, 4, 0, '2022-07-04'),
(179, 0, 'green', 2, 4, 0, '2022-07-04'),
(180, 0, 'green', 2, 4, 0, '2022-07-04'),
(181, 0, 'green', 2, 4, 0, '2022-07-04'),
(182, 0, 'green', 2, 4, 0, '2022-07-04'),
(183, 0, 'green', 2, 4, 0, '2022-07-04'),
(184, 0, 'green', 2, 4, 0, '2022-07-04'),
(185, 0, 'green', 2, 4, 0, '2022-07-04'),
(186, 0, 'green', 2, 4, 0, '2022-07-04'),
(187, 0, 'green', 2, 4, 0, '2022-07-04'),
(188, 0, 'green', 2, 4, 0, '2022-07-04'),
(189, 0, 'green', 2, 4, 0, '2022-07-04'),
(190, 0, 'green', 2, 4, 0, '2022-07-04'),
(191, 0, 'green', 2, 4, 0, '2022-07-04'),
(192, 0, 'green', 2, 4, 0, '2022-07-04'),
(193, 0, 'green', 2, 4, 0, '2022-07-04'),
(194, 0, 'green', 2, 4, 0, '2022-07-04'),
(195, 0, 'green', 2, 4, 0, '2022-07-04'),
(196, 0, 'green', 2, 4, 0, '2022-07-04'),
(197, 0, 'green', 2, 4, 0, '2022-07-04'),
(198, 0, 'green', 2, 4, 0, '2022-07-04'),
(199, 0, 'green', 2, 4, 0, '2022-07-04'),
(200, 0, 'green', 2, 4, 0, '2022-07-04'),
(201, 0, 'green', 2, 4, 0, '2022-07-04'),
(202, 0, 'green', 2, 4, 0, '2022-07-04'),
(203, 0, 'green', 2, 4, 0, '2022-07-04'),
(204, 0, 'green', 2, 4, 0, '2022-07-04'),
(205, 0, 'green', 2, 4, 0, '2022-07-04'),
(206, 0, 'green', 2, 4, 0, '2022-07-04'),
(207, 0, 'green', 2, 4, 0, '2022-07-04'),
(208, 0, 'green', 2, 4, 0, '2022-07-04'),
(209, 0, 'green', 2, 4, 0, '2022-07-04'),
(210, 0, 'green', 2, 4, 0, '2022-07-04'),
(211, 0, 'green', 2, 4, 0, '2022-07-04'),
(212, 0, 'green', 2, 4, 0, '2022-07-04'),
(213, 0, 'green', 2, 4, 0, '2022-07-04'),
(214, 0, 'green', 2, 4, 0, '2022-07-04'),
(215, 0, 'green', 2, 4, 0, '2022-07-04'),
(216, 0, 'green', 2, 4, 0, '2022-07-04'),
(217, 0, 'green', 2, 4, 0, '2022-07-04'),
(218, 0, 'green', 2, 4, 0, '2022-07-04'),
(219, 0, 'green', 2, 4, 0, '2022-07-04'),
(220, 0, 'green', 2, 4, 0, '2022-07-04'),
(221, 0, 'green', 2, 4, 0, '2022-07-04'),
(222, 0, 'green', 2, 4, 0, '2022-07-04'),
(223, 0, 'green', 2, 4, 0, '2022-07-04'),
(224, 0, 'green', 2, 4, 0, '2022-07-04'),
(225, 0, 'green', 2, 4, 0, '2022-07-04'),
(226, 0, 'green', 2, 4, 0, '2022-07-04'),
(227, 0, 'green', 2, 4, 0, '2022-07-04'),
(228, 0, 'green', 2, 4, 0, '2022-07-04'),
(229, 0, 'green', 2, 4, 0, '2022-07-04'),
(230, 0, 'green', 2, 4, 0, '2022-07-04'),
(231, 0, 'green', 2, 4, 0, '2022-07-04'),
(232, 0, 'green', 2, 4, 0, '2022-07-04'),
(233, 0, 'green', 2, 4, 0, '2022-07-04'),
(234, 0, 'green', 2, 4, 0, '2022-07-04'),
(235, 0, 'green', 2, 4, 0, '2022-07-04'),
(236, 0, 'green', 2, 4, 0, '2022-07-04'),
(237, 0, 'green', 2, 4, 0, '2022-07-04'),
(238, 0, 'green', 2, 4, 0, '2022-07-04'),
(239, 0, 'green', 2, 4, 0, '2022-07-04'),
(240, 0, 'green', 2, 4, 0, '2022-07-04'),
(241, 0, 'green', 2, 4, 0, '2022-07-04'),
(242, 0, 'green', 2, 4, 0, '2022-07-04'),
(243, 0, 'green', 2, 4, 0, '2022-07-04'),
(244, 0, 'green', 2, 4, 0, '2022-07-04'),
(245, 0, 'green', 2, 4, 0, '2022-07-04'),
(246, 0, 'green', 2, 4, 0, '2022-07-04'),
(247, 0, 'green', 2, 4, 0, '2022-07-04'),
(248, 0, 'green', 2, 4, 0, '2022-07-04'),
(249, 0, 'green', 2, 4, 0, '2022-07-04'),
(250, 0, 'green', 2, 4, 0, '2022-07-04'),
(251, 0, 'green', 2, 4, 0, '2022-07-04'),
(252, 0, 'green', 2, 4, 0, '2022-07-04'),
(253, 0, 'green', 2, 4, 0, '2022-07-04'),
(254, 0, 'green', 2, 4, 0, '2022-07-04'),
(255, 0, 'green', 2, 4, -0.45892800227317, '2022-07-04'),
(256, 0, 'blue', 2, 6, 0, '2022-07-04'),
(257, 0, 'blue', 2, 6, 0, '2022-07-04'),
(258, 0, 'blue', 2, 6, 0, '2022-07-04'),
(259, 0, 'blue', 2, 6, 0.55458185553367, '2022-07-04'),
(260, 0, 'blue', 2, 6, 0, '2022-07-04'),
(261, 0, 'blue', 2, 6, -0.31756441373651, '2022-07-04'),
(262, 0, 'blue', 2, 6, 0, '2022-07-04'),
(263, 0, 'blue', 2, 6, 0, '2022-07-04'),
(264, 0, 'blue', 2, 6, 0, '2022-07-04'),
(265, 0, 'blue', 2, 6, 0.55458185553367, '2022-07-04'),
(266, 0, 'blue', 2, 6, 0, '2022-07-04'),
(267, 0, 'blue', 2, 6, -0.31756441373651, '2022-07-04'),
(268, 0, 'blue', 2, 6, 0, '2022-07-04'),
(269, 0, 'blue', 2, 6, 0, '2022-07-04'),
(270, 0, 'blue', 2, 6, 0, '2022-07-04'),
(271, 0, 'blue', 2, 6, 0, '2022-07-04'),
(272, 0, 'blue', 2, 6, 0, '2022-07-04'),
(273, 0, 'blue', 2, 6, 0, '2022-07-04'),
(274, 0, 'blue', 2, 6, 0.83418247021774, '2022-07-04'),
(275, 0, 'blue', 2, 6, 0, '2022-07-04'),
(276, 0, 'blue', 2, 6, 0, '2022-07-04'),
(277, 0, 'blue', 2, 6, 0, '2022-07-04'),
(278, 0, 'blue', 2, 6, 0, '2022-07-04'),
(279, 0, 'blue', 2, 6, 0, '2022-07-04'),
(280, 0, 'blue', 2, 6, 0, '2022-07-04'),
(281, 0, 'blue', 2, 6, -0.024370481385868, '2022-07-04'),
(282, 0, 'blue', 2, 6, 0, '2022-07-04'),
(283, 0, 'blue', 2, 6, 0, '2022-07-04'),
(284, 0, 'blue', 2, 6, 0, '2022-07-04'),
(285, 0, 'blue', 2, 6, 0, '2022-07-04'),
(286, 0, 'blue', 2, 6, 0.55458185553367, '2022-07-04'),
(287, 0, 'blue', 2, 6, 0, '2022-07-04'),
(288, 0, 'blue', 2, 6, -0.31756441373651, '2022-07-04'),
(289, 0, 'blue', 2, 6, 0, '2022-07-04'),
(290, 0, 'blue', 2, 6, 0, '2022-07-04'),
(291, 0, 'blue', 2, 6, 0, '2022-07-04'),
(292, 0, 'blue', 2, 6, 0, '2022-07-04'),
(293, 0, 'blue', 2, 6, 0, '2022-07-04'),
(294, 0, 'blue', 2, 6, 0, '2022-07-04'),
(295, 0, 'blue', 2, 6, 0.83418247021774, '2022-07-04'),
(296, 0, 'blue', 2, 6, 0, '2022-07-04'),
(297, 0, 'blue', 2, 6, 0, '2022-07-04'),
(298, 0, 'blue', 2, 6, 0, '2022-07-04'),
(299, 0, 'blue', 2, 6, 0, '2022-07-04'),
(300, 0, 'blue', 2, 6, 0, '2022-07-04'),
(301, 0, 'blue', 2, 6, 0, '2022-07-04'),
(302, 0, 'blue', 2, 6, -0.024370481385868, '2022-07-04'),
(303, 0, 'blue', 2, 6, 0, '2022-07-04'),
(304, 0, 'blue', 2, 6, 0, '2022-07-04'),
(305, 0, 'blue', 2, 6, 0, '2022-07-04'),
(306, 0, 'blue', 2, 6, 0, '2022-07-04'),
(307, 0, 'blue', 2, 6, 0, '2022-07-04'),
(308, 0, 'blue', 2, 6, 0, '2022-07-04'),
(309, 0, 'blue', 2, 6, 0, '2022-07-04'),
(310, 0, 'blue', 2, 6, 0, '2022-07-04'),
(311, 0, 'blue', 2, 6, 0, '2022-07-04'),
(312, 0, 'blue', 2, 6, 0, '2022-07-04'),
(313, 0, 'blue', 2, 6, 0, '2022-07-04'),
(314, 0, 'blue', 2, 6, 0, '2022-07-04'),
(315, 0, 'blue', 2, 6, 0, '2022-07-04'),
(316, 0, 'blue', 2, 6, 0, '2022-07-04'),
(317, 0, 'blue', 2, 6, 0, '2022-07-04'),
(318, 0, 'blue', 2, 6, 0, '2022-07-04'),
(319, 0, 'blue', 2, 6, 0, '2022-07-04'),
(320, 0, 'blue', 2, 6, 0.67000365584783, '2022-07-04'),
(321, 0, 'blue', 2, 6, 0.11779500292184, '2022-07-04'),
(322, 0, 'blue', 2, 6, 0, '2022-07-04'),
(323, 0, 'blue', 2, 6, 0.11779500292184, '2022-07-04'),
(324, 0, 'blue', 2, 6, 0, '2022-07-04'),
(325, 0, 'blue', 2, 6, 0, '2022-07-04'),
(326, 0, 'blue', 2, 6, 0, '2022-07-04'),
(327, 0, 'blue', 2, 6, -1.94974251579, '2022-07-04'),
(328, 0, 'blue', 2, 6, 0, '2022-07-04'),
(329, 0, 'blue', 2, 6, 0, '2022-07-04'),
(330, 0, 'blue', 2, 6, 0, '2022-07-04'),
(331, 0, 'blue', 2, 6, 0, '2022-07-04'),
(332, 0, 'blue', 2, 6, 0, '2022-07-04'),
(333, 0, 'blue', 2, 6, 0, '2022-07-04'),
(334, 0, 'blue', 2, 6, 0, '2022-07-04'),
(335, 0, 'blue', 2, 6, 0, '2022-07-04'),
(336, 0, 'blue', 2, 6, 0, '2022-07-04'),
(337, 0, 'blue', 2, 6, 0, '2022-07-04'),
(338, 0, 'blue', 2, 6, 0, '2022-07-04'),
(339, 0, 'blue', 2, 6, 0, '2022-07-04'),
(340, 0, 'blue', 2, 6, 0.33738876397128, '2022-07-04'),
(341, 0, 'red', 2, 6, 0, '2022-07-04'),
(342, 0, 'red', 2, 6, 0, '2022-07-04'),
(343, 0, 'red', 2, 6, 0, '2022-07-04'),
(344, 0, 'red', 2, 6, 0, '2022-07-04'),
(345, 0, 'red', 2, 6, 0, '2022-07-04'),
(346, 0, 'red', 2, 6, 0, '2022-07-04'),
(347, 0, 'red', 2, 6, 0, '2022-07-04'),
(348, 0, 'red', 2, 6, 0, '2022-07-04'),
(349, 0, 'red', 2, 6, 0, '2022-07-04'),
(350, 0, 'red', 2, 6, 0, '2022-07-04'),
(351, 0, 'red', 2, 6, 0, '2022-07-04'),
(352, 0, 'red', 2, 6, 0, '2022-07-04'),
(353, 0, 'red', 2, 6, 0, '2022-07-04'),
(354, 0, 'red', 2, 6, 0, '2022-07-04'),
(355, 0, 'red', 2, 6, 0, '2022-07-04'),
(356, 0, 'red', 2, 6, 0, '2022-07-04'),
(357, 0, 'red', 2, 6, 0, '2022-07-04'),
(358, 0, 'red', 2, 6, 0, '2022-07-04'),
(359, 0, 'red', 2, 6, 0, '2022-07-04'),
(360, 0, 'red', 2, 6, 0, '2022-07-04'),
(361, 0, 'red', 2, 6, 0, '2022-07-04'),
(362, 0, 'red', 2, 6, 0, '2022-07-04'),
(363, 0, 'red', 2, 6, 0, '2022-07-04'),
(364, 0, 'red', 2, 6, 0, '2022-07-04'),
(365, 0, 'red', 2, 6, 0, '2022-07-04'),
(366, 0, 'red', 2, 6, 0.10148621172138, '2022-07-04'),
(367, 0, 'red', 2, 6, 0, '2022-07-04'),
(368, 0, 'red', 2, 6, 0, '2022-07-04'),
(369, 0, 'red', 2, 6, 0, '2022-07-04'),
(370, 0, 'red', 2, 6, 0, '2022-07-04'),
(371, 0, 'red', 2, 6, 0, '2022-07-04'),
(372, 0, 'red', 2, 6, 0, '2022-07-04'),
(373, 0, 'red', 2, 6, 0, '2022-07-04'),
(374, 0, 'red', 2, 6, 0, '2022-07-04'),
(375, 0, 'red', 2, 6, 0, '2022-07-04'),
(376, 0, 'red', 2, 6, 0, '2022-07-04'),
(377, 0, 'red', 2, 6, 0, '2022-07-04'),
(378, 0, 'red', 2, 6, 0, '2022-07-04'),
(379, 0, 'red', 2, 6, 0, '2022-07-04'),
(380, 0, 'red', 2, 6, 0, '2022-07-04'),
(381, 0, 'red', 2, 6, 0, '2022-07-04'),
(382, 0, 'red', 2, 6, 0, '2022-07-04'),
(383, 0, 'red', 2, 6, 0, '2022-07-04'),
(384, 0, 'red', 2, 6, 0, '2022-07-04'),
(385, 0, 'red', 2, 6, 0, '2022-07-04'),
(386, 0, 'red', 2, 6, 0, '2022-07-04'),
(387, 0, 'red', 2, 6, 0.10148621172138, '2022-07-04'),
(388, 0, 'red', 2, 6, 0, '2022-07-04'),
(389, 0, 'red', 2, 6, 0, '2022-07-04'),
(390, 0, 'red', 2, 6, 0, '2022-07-04'),
(391, 0, 'red', 2, 6, 0, '2022-07-04'),
(392, 0, 'red', 2, 6, 0, '2022-07-04'),
(393, 0, 'red', 2, 6, 0, '2022-07-04'),
(394, 0, 'red', 2, 6, 0, '2022-07-04'),
(395, 0, 'red', 2, 6, 0, '2022-07-04'),
(396, 0, 'red', 2, 6, 0, '2022-07-04'),
(397, 0, 'red', 2, 6, 0, '2022-07-04'),
(398, 0, 'red', 2, 6, 0, '2022-07-04'),
(399, 0, 'red', 2, 6, 0, '2022-07-04'),
(400, 0, 'red', 2, 6, 0, '2022-07-04'),
(401, 0, 'red', 2, 6, 0, '2022-07-04'),
(402, 0, 'red', 2, 6, 0, '2022-07-04'),
(403, 0, 'red', 2, 6, 0, '2022-07-04'),
(404, 0, 'red', 2, 6, 0, '2022-07-04'),
(405, 0, 'red', 2, 6, 0, '2022-07-04'),
(406, 0, 'red', 2, 6, 0, '2022-07-04'),
(407, 0, 'red', 2, 6, -0.65154583940992, '2022-07-04'),
(408, 0, 'red', 2, 6, 0, '2022-07-04'),
(409, 0, 'red', 2, 6, 0, '2022-07-04'),
(410, 0, 'red', 2, 6, 0, '2022-07-04'),
(411, 0, 'red', 2, 6, 0, '2022-07-04'),
(412, 0, 'red', 2, 6, 0, '2022-07-04'),
(413, 0, 'red', 2, 6, 0, '2022-07-04'),
(414, 0, 'red', 2, 6, 0, '2022-07-04'),
(415, 0, 'red', 2, 6, 0, '2022-07-04'),
(416, 0, 'red', 2, 6, 0, '2022-07-04'),
(417, 0, 'red', 2, 6, 0, '2022-07-04'),
(418, 0, 'red', 2, 6, 0, '2022-07-04'),
(419, 0, 'red', 2, 6, 0, '2022-07-04'),
(420, 0, 'red', 2, 6, 0, '2022-07-04'),
(421, 0, 'red', 2, 6, 0.43158087125248, '2022-07-04'),
(422, 0, 'red', 2, 6, 0, '2022-07-04'),
(423, 0, 'red', 2, 6, 0, '2022-07-04'),
(424, 0, 'red', 2, 6, 0, '2022-07-04'),
(425, 0, 'red', 2, 6, -0.57757137541381, '2022-07-04'),
(426, 0, 'green', 2, 6, 0, '2022-07-04'),
(427, 0, 'green', 2, 6, 0, '2022-07-04'),
(428, 0, 'green', 2, 6, 0, '2022-07-04'),
(429, 0, 'green', 2, 6, 0, '2022-07-04'),
(430, 0, 'green', 2, 6, 0, '2022-07-04'),
(431, 0, 'green', 2, 6, 0, '2022-07-04'),
(432, 0, 'green', 2, 6, 0, '2022-07-04'),
(433, 0, 'green', 2, 6, 0, '2022-07-04'),
(434, 0, 'green', 2, 6, 0, '2022-07-04'),
(435, 0, 'green', 2, 6, 0, '2022-07-04'),
(436, 0, 'green', 2, 6, 0, '2022-07-04'),
(437, 0, 'green', 2, 6, 0, '2022-07-04'),
(438, 0, 'green', 2, 6, 0, '2022-07-04'),
(439, 0, 'green', 2, 6, 0, '2022-07-04'),
(440, 0, 'green', 2, 6, 0, '2022-07-04'),
(441, 0, 'green', 2, 6, 0, '2022-07-04'),
(442, 0, 'green', 2, 6, 0, '2022-07-04'),
(443, 0, 'green', 2, 6, 0, '2022-07-04'),
(444, 0, 'green', 2, 6, 0, '2022-07-04'),
(445, 0, 'green', 2, 6, 0, '2022-07-04'),
(446, 0, 'green', 2, 6, 0.91098072662594, '2022-07-04'),
(447, 0, 'green', 2, 6, 0, '2022-07-04'),
(448, 0, 'green', 2, 6, 0, '2022-07-04'),
(449, 0, 'green', 2, 6, 0, '2022-07-04'),
(450, 0, 'green', 2, 6, 0, '2022-07-04'),
(451, 0, 'green', 2, 6, 0, '2022-07-04'),
(452, 0, 'green', 2, 6, 0, '2022-07-04'),
(453, 0, 'green', 2, 6, 0, '2022-07-04'),
(454, 0, 'green', 2, 6, 0, '2022-07-04'),
(455, 0, 'green', 2, 6, 0, '2022-07-04'),
(456, 0, 'green', 2, 6, 0, '2022-07-04'),
(457, 0, 'green', 2, 6, 0, '2022-07-04'),
(458, 0, 'green', 2, 6, 0, '2022-07-04'),
(459, 0, 'green', 2, 6, 0, '2022-07-04'),
(460, 0, 'green', 2, 6, 0, '2022-07-04'),
(461, 0, 'green', 2, 6, 0, '2022-07-04'),
(462, 0, 'green', 2, 6, 0, '2022-07-04'),
(463, 0, 'green', 2, 6, 0, '2022-07-04'),
(464, 0, 'green', 2, 6, 0, '2022-07-04'),
(465, 0, 'green', 2, 6, 0, '2022-07-04'),
(466, 0, 'green', 2, 6, 0, '2022-07-04'),
(467, 0, 'green', 2, 6, 0.91098072662594, '2022-07-04'),
(468, 0, 'green', 2, 6, 0, '2022-07-04'),
(469, 0, 'green', 2, 6, 0, '2022-07-04'),
(470, 0, 'green', 2, 6, 0, '2022-07-04'),
(471, 0, 'green', 2, 6, 0, '2022-07-04'),
(472, 0, 'green', 2, 6, 0, '2022-07-04'),
(473, 0, 'green', 2, 6, 0, '2022-07-04'),
(474, 0, 'green', 2, 6, 0, '2022-07-04'),
(475, 0, 'green', 2, 6, 0, '2022-07-04'),
(476, 0, 'green', 2, 6, 0, '2022-07-04'),
(477, 0, 'green', 2, 6, 0, '2022-07-04'),
(478, 0, 'green', 2, 6, 0, '2022-07-04'),
(479, 0, 'green', 2, 6, 0, '2022-07-04'),
(480, 0, 'green', 2, 6, 0, '2022-07-04'),
(481, 0, 'green', 2, 6, 0, '2022-07-04'),
(482, 0, 'green', 2, 6, 0, '2022-07-04'),
(483, 0, 'green', 2, 6, 0, '2022-07-04'),
(484, 0, 'green', 2, 6, 0, '2022-07-04'),
(485, 0, 'green', 2, 6, 0, '2022-07-04'),
(486, 0, 'green', 2, 6, 0, '2022-07-04'),
(487, 0, 'green', 2, 6, 0, '2022-07-04'),
(488, 0, 'green', 2, 6, 0, '2022-07-04'),
(489, 0, 'green', 2, 6, 0, '2022-07-04'),
(490, 0, 'green', 2, 6, 0, '2022-07-04'),
(491, 0, 'green', 2, 6, 0, '2022-07-04'),
(492, 0, 'green', 2, 6, 0, '2022-07-04'),
(493, 0, 'green', 2, 6, 0, '2022-07-04'),
(494, 0, 'green', 2, 6, -0.11629760870197, '2022-07-04'),
(495, 0, 'green', 2, 6, 0, '2022-07-04'),
(496, 0, 'green', 2, 6, -0.11629760870197, '2022-07-04'),
(497, 0, 'green', 2, 6, 0.18399182377135, '2022-07-04'),
(498, 0, 'green', 2, 6, 0, '2022-07-04'),
(499, 0, 'green', 2, 6, -0.11629760870197, '2022-07-04'),
(500, 0, 'green', 2, 6, -0.712735766258, '2022-07-04'),
(501, 0, 'green', 2, 6, 0, '2022-07-04'),
(502, 0, 'green', 2, 6, -0.712735766258, '2022-07-04'),
(503, 0, 'green', 2, 6, 0, '2022-07-04'),
(504, 0, 'green', 2, 6, 0, '2022-07-04'),
(505, 0, 'green', 2, 6, -0.712735766258, '2022-07-04'),
(506, 0, 'green', 2, 6, 0, '2022-07-04'),
(507, 0, 'green', 2, 6, 0, '2022-07-04'),
(508, 0, 'green', 2, 6, 0, '2022-07-04'),
(509, 0, 'green', 2, 6, -0.712735766258, '2022-07-04'),
(510, 0, 'green', 2, 6, 0.24018261144253, '2022-07-04'),
(511, 0, 'blue', 2, 3, 0, '2022-07-04'),
(512, 0, 'blue', 2, 3, 0, '2022-07-04'),
(513, 0, 'blue', 2, 3, 0, '2022-07-04'),
(514, 0, 'blue', 2, 3, 0, '2022-07-04'),
(515, 0, 'blue', 2, 3, 0, '2022-07-04'),
(516, 0, 'blue', 2, 3, 0, '2022-07-04'),
(517, 0, 'blue', 2, 3, 0, '2022-07-04'),
(518, 0, 'blue', 2, 3, 0, '2022-07-04'),
(519, 0, 'blue', 2, 3, 0, '2022-07-04'),
(520, 0, 'blue', 2, 3, 0, '2022-07-04'),
(521, 0, 'blue', 2, 3, 0, '2022-07-04'),
(522, 0, 'blue', 2, 3, 0, '2022-07-04'),
(523, 0, 'blue', 2, 3, 0, '2022-07-04'),
(524, 0, 'blue', 2, 3, 0, '2022-07-04'),
(525, 0, 'blue', 2, 3, 0, '2022-07-04'),
(526, 0, 'blue', 2, 3, 0, '2022-07-04'),
(527, 0, 'blue', 2, 3, 0, '2022-07-04'),
(528, 0, 'blue', 2, 3, 0, '2022-07-04'),
(529, 0, 'blue', 2, 3, 0.3053019153899, '2022-07-04'),
(530, 0, 'blue', 2, 3, 0.03628555330124, '2022-07-04'),
(531, 0, 'blue', 2, 3, 0, '2022-07-04'),
(532, 0, 'blue', 2, 3, 0.03628555330124, '2022-07-04'),
(533, 0, 'blue', 2, 3, 0, '2022-07-04'),
(534, 0, 'blue', 2, 3, 0, '2022-07-04'),
(535, 0, 'blue', 2, 3, 0, '2022-07-04'),
(536, 0, 'blue', 2, 3, 0, '2022-07-04'),
(537, 0, 'blue', 2, 3, 0, '2022-07-04'),
(538, 0, 'blue', 2, 3, 0, '2022-07-04'),
(539, 0, 'blue', 2, 3, 0, '2022-07-04'),
(540, 0, 'blue', 2, 3, 0, '2022-07-04'),
(541, 0, 'blue', 2, 3, 0, '2022-07-04'),
(542, 0, 'blue', 2, 3, 0, '2022-07-04'),
(543, 0, 'blue', 2, 3, 0, '2022-07-04'),
(544, 0, 'blue', 2, 3, 0, '2022-07-04'),
(545, 0, 'blue', 2, 3, 0, '2022-07-04'),
(546, 0, 'blue', 2, 3, 0, '2022-07-04'),
(547, 0, 'blue', 2, 3, 0, '2022-07-04'),
(548, 0, 'blue', 2, 3, 0, '2022-07-04'),
(549, 0, 'blue', 2, 3, 0, '2022-07-04'),
(550, 0, 'blue', 2, 3, 0.3053019153899, '2022-07-04'),
(551, 0, 'blue', 2, 3, 0.03628555330124, '2022-07-04'),
(552, 0, 'blue', 2, 3, 0, '2022-07-04'),
(553, 0, 'blue', 2, 3, 0.03628555330124, '2022-07-04'),
(554, 0, 'blue', 2, 3, 0, '2022-07-04'),
(555, 0, 'blue', 2, 3, 0, '2022-07-04'),
(556, 0, 'blue', 2, 3, 0, '2022-07-04'),
(557, 0, 'blue', 2, 3, 0, '2022-07-04'),
(558, 0, 'blue', 2, 3, 0, '2022-07-04'),
(559, 0, 'blue', 2, 3, 0, '2022-07-04'),
(560, 0, 'blue', 2, 3, 0, '2022-07-04'),
(561, 0, 'blue', 2, 3, 0, '2022-07-04'),
(562, 0, 'blue', 2, 3, 0, '2022-07-04'),
(563, 0, 'blue', 2, 3, 0, '2022-07-04'),
(564, 0, 'blue', 2, 3, 0, '2022-07-04'),
(565, 0, 'blue', 2, 3, 0, '2022-07-04'),
(566, 0, 'blue', 2, 3, 0, '2022-07-04'),
(567, 0, 'blue', 2, 3, 0, '2022-07-04'),
(568, 0, 'blue', 2, 3, 0, '2022-07-04'),
(569, 0, 'blue', 2, 3, 0, '2022-07-04'),
(570, 0, 'blue', 2, 3, 0, '2022-07-04'),
(571, 0, 'blue', 2, 3, 0, '2022-07-04'),
(572, 0, 'blue', 2, 3, 0, '2022-07-04'),
(573, 0, 'blue', 2, 3, 0, '2022-07-04'),
(574, 0, 'blue', 2, 3, 0, '2022-07-04'),
(575, 0, 'blue', 2, 3, 0.64435117741271, '2022-07-04'),
(576, 0, 'blue', 2, 3, 0.034487759353075, '2022-07-04'),
(577, 0, 'blue', 2, 3, 0, '2022-07-04'),
(578, 0, 'blue', 2, 3, 0.034487759353075, '2022-07-04'),
(579, 0, 'blue', 2, 3, 0.051768100202314, '2022-07-04'),
(580, 0, 'blue', 2, 3, 0, '2022-07-04'),
(581, 0, 'blue', 2, 3, 0.051768100202314, '2022-07-04'),
(582, 0, 'blue', 2, 3, -1.1480920648807, '2022-07-04'),
(583, 0, 'blue', 2, 3, 0, '2022-07-04'),
(584, 0, 'blue', 2, 3, 0.051768100202314, '2022-07-04'),
(585, 0, 'blue', 2, 3, 0, '2022-07-04'),
(586, 0, 'blue', 2, 3, 0, '2022-07-04'),
(587, 0, 'blue', 2, 3, 0, '2022-07-04'),
(588, 0, 'blue', 2, 3, 0, '2022-07-04'),
(589, 0, 'blue', 2, 3, 0, '2022-07-04'),
(590, 0, 'blue', 2, 3, 0, '2022-07-04'),
(591, 0, 'blue', 2, 3, 0, '2022-07-04'),
(592, 0, 'blue', 2, 3, 0, '2022-07-04'),
(593, 0, 'blue', 2, 3, 0, '2022-07-04'),
(594, 0, 'blue', 2, 3, 0, '2022-07-04'),
(595, 0, 'blue', 2, 3, 0.48406792748018, '2022-07-04'),
(596, 0, 'red', 2, 3, 0, '2022-07-04'),
(597, 0, 'red', 2, 3, 0, '2022-07-04'),
(598, 0, 'red', 2, 3, 0, '2022-07-04'),
(599, 0, 'red', 2, 3, -0.20091864204472, '2022-07-04'),
(600, 0, 'red', 2, 3, 0, '2022-07-04'),
(601, 0, 'red', 2, 3, 0.25670851545193, '2022-07-04'),
(602, 0, 'red', 2, 3, 0, '2022-07-04'),
(603, 0, 'red', 2, 3, 0, '2022-07-04'),
(604, 0, 'red', 2, 3, 0, '2022-07-04'),
(605, 0, 'red', 2, 3, -0.20091864204472, '2022-07-04'),
(606, 0, 'red', 2, 3, 0, '2022-07-04'),
(607, 0, 'red', 2, 3, 0.25670851545193, '2022-07-04'),
(608, 0, 'red', 2, 3, 0, '2022-07-04'),
(609, 0, 'red', 2, 3, 0, '2022-07-04'),
(610, 0, 'red', 2, 3, 0, '2022-07-04'),
(611, 0, 'red', 2, 3, 0, '2022-07-04'),
(612, 0, 'red', 2, 3, 0, '2022-07-04'),
(613, 0, 'red', 2, 3, 0, '2022-07-04'),
(614, 0, 'red', 2, 3, -0.054865171844251, '2022-07-04'),
(615, 0, 'red', 2, 3, 0, '2022-07-04'),
(616, 0, 'red', 2, 3, 0, '2022-07-04'),
(617, 0, 'red', 2, 3, 0, '2022-07-04'),
(618, 0, 'red', 2, 3, 0, '2022-07-04'),
(619, 0, 'red', 2, 3, 0, '2022-07-04'),
(620, 0, 'red', 2, 3, 0, '2022-07-04'),
(621, 0, 'red', 2, 3, 0.3741073736264, '2022-07-04'),
(622, 0, 'red', 2, 3, 0, '2022-07-04'),
(623, 0, 'red', 2, 3, 0, '2022-07-04'),
(624, 0, 'red', 2, 3, 0, '2022-07-04'),
(625, 0, 'red', 2, 3, 0, '2022-07-04'),
(626, 0, 'red', 2, 3, -0.20091864204472, '2022-07-04'),
(627, 0, 'red', 2, 3, 0, '2022-07-04'),
(628, 0, 'red', 2, 3, 0.25670851545193, '2022-07-04'),
(629, 0, 'red', 2, 3, 0, '2022-07-04'),
(630, 0, 'red', 2, 3, 0, '2022-07-04'),
(631, 0, 'red', 2, 3, 0, '2022-07-04'),
(632, 0, 'red', 2, 3, 0, '2022-07-04'),
(633, 0, 'red', 2, 3, 0, '2022-07-04'),
(634, 0, 'red', 2, 3, 0, '2022-07-04'),
(635, 0, 'red', 2, 3, -0.054865171844251, '2022-07-04'),
(636, 0, 'red', 2, 3, 0, '2022-07-04'),
(637, 0, 'red', 2, 3, 0, '2022-07-04'),
(638, 0, 'red', 2, 3, 0, '2022-07-04'),
(639, 0, 'red', 2, 3, 0, '2022-07-04'),
(640, 0, 'red', 2, 3, 0, '2022-07-04'),
(641, 0, 'red', 2, 3, 0, '2022-07-04'),
(642, 0, 'red', 2, 3, 0.3741073736264, '2022-07-04'),
(643, 0, 'red', 2, 3, 0, '2022-07-04'),
(644, 0, 'red', 2, 3, 0, '2022-07-04'),
(645, 0, 'red', 2, 3, 0, '2022-07-04'),
(646, 0, 'red', 2, 3, 0, '2022-07-04'),
(647, 0, 'red', 2, 3, 0, '2022-07-04'),
(648, 0, 'red', 2, 3, 0, '2022-07-04'),
(649, 0, 'red', 2, 3, 0, '2022-07-04'),
(650, 0, 'red', 2, 3, 0, '2022-07-04'),
(651, 0, 'red', 2, 3, 0, '2022-07-04'),
(652, 0, 'red', 2, 3, 0, '2022-07-04'),
(653, 0, 'red', 2, 3, 0, '2022-07-04'),
(654, 0, 'red', 2, 3, 0, '2022-07-04'),
(655, 0, 'red', 2, 3, 0, '2022-07-04'),
(656, 0, 'red', 2, 3, 0, '2022-07-04'),
(657, 0, 'red', 2, 3, 0, '2022-07-04'),
(658, 0, 'red', 2, 3, 0, '2022-07-04'),
(659, 0, 'red', 2, 3, 0, '2022-07-04'),
(660, 0, 'red', 2, 3, 0, '2022-07-04'),
(661, 0, 'red', 2, 3, 0, '2022-07-04'),
(662, 0, 'red', 2, 3, -1.0559773843899, '2022-07-04'),
(663, 0, 'red', 2, 3, 0, '2022-07-04'),
(664, 0, 'red', 2, 3, 0, '2022-07-04'),
(665, 0, 'red', 2, 3, 0, '2022-07-04'),
(666, 0, 'red', 2, 3, 0, '2022-07-04'),
(667, 0, 'red', 2, 3, 0, '2022-07-04'),
(668, 0, 'red', 2, 3, 0, '2022-07-04'),
(669, 0, 'red', 2, 3, 0, '2022-07-04'),
(670, 0, 'red', 2, 3, 0, '2022-07-04'),
(671, 0, 'red', 2, 3, 0, '2022-07-04'),
(672, 0, 'red', 2, 3, 0, '2022-07-04'),
(673, 0, 'red', 2, 3, 0, '2022-07-04'),
(674, 0, 'red', 2, 3, 0, '2022-07-04'),
(675, 0, 'red', 2, 3, 0, '2022-07-04'),
(676, 0, 'red', 2, 3, 0.29054290519093, '2022-07-04'),
(677, 0, 'red', 2, 3, 0, '2022-07-04'),
(678, 0, 'red', 2, 3, 0, '2022-07-04'),
(679, 0, 'red', 2, 3, 0, '2022-07-04'),
(680, 0, 'red', 2, 3, 0.33361174473812, '2022-07-04'),
(681, 0, 'green', 2, 3, 0, '2022-07-04'),
(682, 0, 'green', 2, 3, 0, '2022-07-04'),
(683, 0, 'green', 2, 3, 0, '2022-07-04'),
(684, 0, 'green', 2, 3, 0, '2022-07-04'),
(685, 0, 'green', 2, 3, 0, '2022-07-04'),
(686, 0, 'green', 2, 3, 0, '2022-07-04'),
(687, 0, 'green', 2, 3, 0, '2022-07-04'),
(688, 0, 'green', 2, 3, 0, '2022-07-04'),
(689, 0, 'green', 2, 3, 0, '2022-07-04'),
(690, 0, 'green', 2, 3, 0, '2022-07-04'),
(691, 0, 'green', 2, 3, 0, '2022-07-04'),
(692, 0, 'green', 2, 3, 0, '2022-07-04'),
(693, 0, 'green', 2, 3, 0, '2022-07-04'),
(694, 0, 'green', 2, 3, 0, '2022-07-04'),
(695, 0, 'green', 2, 3, 0, '2022-07-04'),
(696, 0, 'green', 2, 3, 0, '2022-07-04'),
(697, 0, 'green', 2, 3, 0, '2022-07-04'),
(698, 0, 'green', 2, 3, 0, '2022-07-04'),
(699, 0, 'green', 2, 3, 0, '2022-07-04'),
(700, 0, 'green', 2, 3, 0, '2022-07-04'),
(701, 0, 'green', 2, 3, 0.09204092820693, '2022-07-04'),
(702, 0, 'green', 2, 3, 0, '2022-07-04'),
(703, 0, 'green', 2, 3, 0, '2022-07-04'),
(704, 0, 'green', 2, 3, 0, '2022-07-04'),
(705, 0, 'green', 2, 3, 0, '2022-07-04'),
(706, 0, 'green', 2, 3, 0, '2022-07-04'),
(707, 0, 'green', 2, 3, 0, '2022-07-04'),
(708, 0, 'green', 2, 3, 0, '2022-07-04'),
(709, 0, 'green', 2, 3, 0, '2022-07-04'),
(710, 0, 'green', 2, 3, 0, '2022-07-04'),
(711, 0, 'green', 2, 3, 0, '2022-07-04'),
(712, 0, 'green', 2, 3, 0, '2022-07-04'),
(713, 0, 'green', 2, 3, 0, '2022-07-04'),
(714, 0, 'green', 2, 3, 0, '2022-07-04'),
(715, 0, 'green', 2, 3, 0, '2022-07-04'),
(716, 0, 'green', 2, 3, 0, '2022-07-04'),
(717, 0, 'green', 2, 3, 0, '2022-07-04'),
(718, 0, 'green', 2, 3, 0, '2022-07-04'),
(719, 0, 'green', 2, 3, 0, '2022-07-04'),
(720, 0, 'green', 2, 3, 0, '2022-07-04'),
(721, 0, 'green', 2, 3, 0, '2022-07-04'),
(722, 0, 'green', 2, 3, 0.09204092820693, '2022-07-04'),
(723, 0, 'green', 2, 3, 0, '2022-07-04'),
(724, 0, 'green', 2, 3, 0, '2022-07-04'),
(725, 0, 'green', 2, 3, 0, '2022-07-04'),
(726, 0, 'green', 2, 3, 0, '2022-07-04'),
(727, 0, 'green', 2, 3, 0, '2022-07-04'),
(728, 0, 'green', 2, 3, 0, '2022-07-04'),
(729, 0, 'green', 2, 3, 0, '2022-07-04'),
(730, 0, 'green', 2, 3, 0, '2022-07-04'),
(731, 0, 'green', 2, 3, 0, '2022-07-04'),
(732, 0, 'green', 2, 3, 0, '2022-07-04'),
(733, 0, 'green', 2, 3, 0, '2022-07-04'),
(734, 0, 'green', 2, 3, 0, '2022-07-04'),
(735, 0, 'green', 2, 3, 0, '2022-07-04'),
(736, 0, 'green', 2, 3, 0, '2022-07-04'),
(737, 0, 'green', 2, 3, 0, '2022-07-04'),
(738, 0, 'green', 2, 3, 0, '2022-07-04'),
(739, 0, 'green', 2, 3, 0, '2022-07-04'),
(740, 0, 'green', 2, 3, 0, '2022-07-04'),
(741, 0, 'green', 2, 3, 0, '2022-07-04'),
(742, 0, 'green', 2, 3, 0, '2022-07-04'),
(743, 0, 'green', 2, 3, 0, '2022-07-04'),
(744, 0, 'green', 2, 3, 0, '2022-07-04'),
(745, 0, 'green', 2, 3, 0, '2022-07-04'),
(746, 0, 'green', 2, 3, 0, '2022-07-04'),
(747, 0, 'green', 2, 3, 0, '2022-07-04'),
(748, 0, 'green', 2, 3, 0, '2022-07-04'),
(749, 0, 'green', 2, 3, 0, '2022-07-04'),
(750, 0, 'green', 2, 3, 0, '2022-07-04'),
(751, 0, 'green', 2, 3, 0, '2022-07-04'),
(752, 0, 'green', 2, 3, 0, '2022-07-04'),
(753, 0, 'green', 2, 3, 0, '2022-07-04'),
(754, 0, 'green', 2, 3, 0, '2022-07-04'),
(755, 0, 'green', 2, 3, 0, '2022-07-04'),
(756, 0, 'green', 2, 3, 0, '2022-07-04'),
(757, 0, 'green', 2, 3, 0, '2022-07-04'),
(758, 0, 'green', 2, 3, 0, '2022-07-04'),
(759, 0, 'green', 2, 3, 0, '2022-07-04'),
(760, 0, 'green', 2, 3, 0, '2022-07-04'),
(761, 0, 'green', 2, 3, 0, '2022-07-04'),
(762, 0, 'green', 2, 3, 0, '2022-07-04'),
(763, 0, 'green', 2, 3, 0, '2022-07-04'),
(764, 0, 'green', 2, 3, 0, '2022-07-04'),
(765, 0, 'green', 2, 3, -0.81767967221831, '2022-07-04'),
(766, 0, 'blue', 2, 5, 0, '2022-07-04'),
(767, 0, 'blue', 2, 5, 0, '2022-07-04'),
(768, 0, 'blue', 2, 5, 0, '2022-07-04'),
(769, 0, 'blue', 2, 5, -0.51897808978129, '2022-07-04'),
(770, 0, 'blue', 2, 5, -0.19587337184258, '2022-07-04'),
(771, 0, 'blue', 2, 5, 1.1515716420345, '2022-07-04'),
(772, 0, 'blue', 2, 5, -0.19587337184258, '2022-07-04'),
(773, 0, 'blue', 2, 5, 0, '2022-07-04'),
(774, 0, 'blue', 2, 5, 0, '2022-07-04'),
(775, 0, 'blue', 2, 5, -0.51897808978129, '2022-07-04'),
(776, 0, 'blue', 2, 5, -0.19587337184258, '2022-07-04'),
(777, 0, 'blue', 2, 5, 1.1515716420345, '2022-07-04'),
(778, 0, 'blue', 2, 5, -0.19587337184258, '2022-07-04'),
(779, 0, 'blue', 2, 5, 0, '2022-07-04'),
(780, 0, 'blue', 2, 5, 0, '2022-07-04'),
(781, 0, 'blue', 2, 5, 0, '2022-07-04'),
(782, 0, 'blue', 2, 5, 0, '2022-07-04'),
(783, 0, 'blue', 2, 5, 0, '2022-07-04'),
(784, 0, 'blue', 2, 5, -0.73334256015948, '2022-07-04'),
(785, 0, 'blue', 2, 5, -0.33943663319467, '2022-07-04'),
(786, 0, 'blue', 2, 5, 0.37584049076456, '2022-07-04'),
(787, 0, 'blue', 2, 5, -0.33943663319467, '2022-07-04'),
(788, 0, 'blue', 2, 5, -0.17189127028882, '2022-07-04'),
(789, 0, 'blue', 2, 5, -0.018164514667226, '2022-07-04'),
(790, 0, 'blue', 2, 5, -0.17189127028882, '2022-07-04'),
(791, 0, 'blue', 2, 5, 0.94213674466305, '2022-07-04'),
(792, 0, 'blue', 2, 5, -0.018164514667226, '2022-07-04'),
(793, 0, 'blue', 2, 5, -0.17189127028882, '2022-07-04'),
(794, 0, 'blue', 2, 5, 0, '2022-07-04'),
(795, 0, 'blue', 2, 5, 0, '2022-07-04'),
(796, 0, 'blue', 2, 5, -0.51897808978129, '2022-07-04'),
(797, 0, 'blue', 2, 5, -0.19587337184258, '2022-07-04'),
(798, 0, 'blue', 2, 5, 1.1515716420345, '2022-07-04'),
(799, 0, 'blue', 2, 5, -0.19587337184258, '2022-07-04'),
(800, 0, 'blue', 2, 5, 0, '2022-07-04'),
(801, 0, 'blue', 2, 5, 0, '2022-07-04'),
(802, 0, 'blue', 2, 5, 0, '2022-07-04'),
(803, 0, 'blue', 2, 5, 0, '2022-07-04'),
(804, 0, 'blue', 2, 5, 0, '2022-07-04'),
(805, 0, 'blue', 2, 5, -0.73334256015948, '2022-07-04'),
(806, 0, 'blue', 2, 5, -0.33943663319467, '2022-07-04'),
(807, 0, 'blue', 2, 5, 0.37584049076456, '2022-07-04'),
(808, 0, 'blue', 2, 5, -0.33943663319467, '2022-07-04'),
(809, 0, 'blue', 2, 5, -0.17189127028882, '2022-07-04'),
(810, 0, 'blue', 2, 5, -0.018164514667226, '2022-07-04'),
(811, 0, 'blue', 2, 5, -0.17189127028882, '2022-07-04'),
(812, 0, 'blue', 2, 5, 0.94213674466305, '2022-07-04'),
(813, 0, 'blue', 2, 5, -0.018164514667226, '2022-07-04'),
(814, 0, 'blue', 2, 5, -0.17189127028882, '2022-07-04'),
(815, 0, 'blue', 2, 5, 0, '2022-07-04'),
(816, 0, 'blue', 2, 5, 0, '2022-07-04'),
(817, 0, 'blue', 2, 5, 0, '2022-07-04'),
(818, 0, 'blue', 2, 5, 0, '2022-07-04'),
(819, 0, 'blue', 2, 5, 0, '2022-07-04'),
(820, 0, 'blue', 2, 5, 0, '2022-07-04'),
(821, 0, 'blue', 2, 5, 0, '2022-07-04'),
(822, 0, 'blue', 2, 5, 0, '2022-07-04'),
(823, 0, 'blue', 2, 5, 0, '2022-07-04'),
(824, 0, 'blue', 2, 5, 0, '2022-07-04'),
(825, 0, 'blue', 2, 5, 0, '2022-07-04'),
(826, 0, 'blue', 2, 5, 0, '2022-07-04'),
(827, 0, 'blue', 2, 5, 0, '2022-07-04'),
(828, 0, 'blue', 2, 5, 0, '2022-07-04'),
(829, 0, 'blue', 2, 5, 0, '2022-07-04'),
(830, 0, 'blue', 2, 5, -0.8523518231215, '2022-07-04'),
(831, 0, 'blue', 2, 5, -0.35879299199171, '2022-07-04'),
(832, 0, 'blue', 2, 5, -0.22331572714062, '2022-07-04'),
(833, 0, 'blue', 2, 5, -0.35879299199171, '2022-07-04'),
(834, 0, 'blue', 2, 5, -0.16886642419343, '2022-07-04'),
(835, 0, 'blue', 2, 5, -0.32799300238613, '2022-07-04'),
(836, 0, 'blue', 2, 5, -0.16886642419343, '2022-07-04'),
(837, 0, 'blue', 2, 5, 1.8941298864853, '2022-07-04'),
(838, 0, 'blue', 2, 5, -0.32799300238613, '2022-07-04'),
(839, 0, 'blue', 2, 5, -0.16886642419343, '2022-07-04'),
(840, 0, 'blue', 2, 5, -0.2767500295281, '2022-07-04'),
(841, 0, 'blue', 2, 5, -0.15193731013358, '2022-07-04'),
(842, 0, 'blue', 2, 5, -0.2767500295281, '2022-07-04'),
(843, 0, 'blue', 2, 5, 0, '2022-07-04'),
(844, 0, 'blue', 2, 5, -0.15193731013358, '2022-07-04'),
(845, 0, 'blue', 2, 5, -0.2767500295281, '2022-07-04'),
(846, 0, 'blue', 2, 5, 0.7060697324447, '2022-07-04'),
(847, 0, 'blue', 2, 5, 0, '2022-07-04'),
(848, 0, 'blue', 2, 5, -0.15193731013358, '2022-07-04'),
(849, 0, 'blue', 2, 5, -0.2767500295281, '2022-07-04'),
(850, 0, 'blue', 2, 5, 1.0052548494508, '2022-07-04'),
(851, 0, 'red', 2, 5, 0, '2022-07-04'),
(852, 0, 'red', 2, 5, 0, '2022-07-04'),
(853, 0, 'red', 2, 5, 0, '2022-07-04'),
(854, 0, 'red', 2, 5, 0.32500574927284, '2022-07-04'),
(855, 0, 'red', 2, 5, 0.23989206902787, '2022-07-04'),
(856, 0, 'red', 2, 5, -0.70480131588688, '2022-07-04'),
(857, 0, 'red', 2, 5, 0.23989206902787, '2022-07-04'),
(858, 0, 'red', 2, 5, 0, '2022-07-04'),
(859, 0, 'red', 2, 5, 0, '2022-07-04'),
(860, 0, 'red', 2, 5, 0.32500574927284, '2022-07-04'),
(861, 0, 'red', 2, 5, 0.23989206902787, '2022-07-04'),
(862, 0, 'red', 2, 5, -0.70480131588688, '2022-07-04'),
(863, 0, 'red', 2, 5, 0.23989206902787, '2022-07-04'),
(864, 0, 'red', 2, 5, 0, '2022-07-04'),
(865, 0, 'red', 2, 5, 0, '2022-07-04'),
(866, 0, 'red', 2, 5, 0, '2022-07-04'),
(867, 0, 'red', 2, 5, 0, '2022-07-04'),
(868, 0, 'red', 2, 5, 0, '2022-07-04'),
(869, 0, 'red', 2, 5, 0.74398083724656, '2022-07-04'),
(870, 0, 'red', 2, 5, 0.51631529831661, '2022-07-04'),
(871, 0, 'red', 2, 5, -2.492126886464, '2022-07-04'),
(872, 0, 'red', 2, 5, 0.51631529831661, '2022-07-04'),
(873, 0, 'red', 2, 5, 0.12973952120176, '2022-07-04'),
(874, 0, 'red', 2, 5, 0.0016139335015505, '2022-07-04'),
(875, 0, 'red', 2, 5, 0.12973952120176, '2022-07-04'),
(876, 0, 'red', 2, 5, -0.44288275101229, '2022-07-04'),
(877, 0, 'red', 2, 5, 0.0016139335015505, '2022-07-04'),
(878, 0, 'red', 2, 5, 0.12973952120176, '2022-07-04'),
(879, 0, 'red', 2, 5, 0, '2022-07-04'),
(880, 0, 'red', 2, 5, 0, '2022-07-04'),
(881, 0, 'red', 2, 5, 0.32500574927284, '2022-07-04'),
(882, 0, 'red', 2, 5, 0.23989206902787, '2022-07-04'),
(883, 0, 'red', 2, 5, -0.70480131588688, '2022-07-04'),
(884, 0, 'red', 2, 5, 0.23989206902787, '2022-07-04'),
(885, 0, 'red', 2, 5, 0, '2022-07-04'),
(886, 0, 'red', 2, 5, 0, '2022-07-04'),
(887, 0, 'red', 2, 5, 0, '2022-07-04'),
(888, 0, 'red', 2, 5, 0, '2022-07-04'),
(889, 0, 'red', 2, 5, 0, '2022-07-04'),
(890, 0, 'red', 2, 5, 0.74398083724656, '2022-07-04'),
(891, 0, 'red', 2, 5, 0.51631529831661, '2022-07-04'),
(892, 0, 'red', 2, 5, -2.492126886464, '2022-07-04'),
(893, 0, 'red', 2, 5, 0.51631529831661, '2022-07-04'),
(894, 0, 'red', 2, 5, 0.12973952120176, '2022-07-04'),
(895, 0, 'red', 2, 5, 0.0016139335015505, '2022-07-04'),
(896, 0, 'red', 2, 5, 0.12973952120176, '2022-07-04'),
(897, 0, 'red', 2, 5, -0.44288275101229, '2022-07-04'),
(898, 0, 'red', 2, 5, 0.0016139335015505, '2022-07-04'),
(899, 0, 'red', 2, 5, 0.12973952120176, '2022-07-04'),
(900, 0, 'red', 2, 5, 0, '2022-07-04'),
(901, 0, 'red', 2, 5, 0, '2022-07-04'),
(902, 0, 'red', 2, 5, 0, '2022-07-04'),
(903, 0, 'red', 2, 5, 0, '2022-07-04'),
(904, 0, 'red', 2, 5, 0, '2022-07-04'),
(905, 0, 'red', 2, 5, 0, '2022-07-04'),
(906, 0, 'red', 2, 5, 0, '2022-07-04'),
(907, 0, 'red', 2, 5, 0, '2022-07-04'),
(908, 0, 'red', 2, 5, 0, '2022-07-04'),
(909, 0, 'red', 2, 5, 0, '2022-07-04'),
(910, 0, 'red', 2, 5, 0, '2022-07-04'),
(911, 0, 'red', 2, 5, 0, '2022-07-04'),
(912, 0, 'red', 2, 5, 0, '2022-07-04'),
(913, 0, 'red', 2, 5, 0, '2022-07-04'),
(914, 0, 'red', 2, 5, 0, '2022-07-04'),
(915, 0, 'red', 2, 5, 1.2260110628582, '2022-07-04'),
(916, 0, 'red', 2, 5, 0.92153495263103, '2022-07-04'),
(917, 0, 'red', 2, 5, -0.091968004764904, '2022-07-04'),
(918, 0, 'red', 2, 5, 0.92153495263103, '2022-07-04'),
(919, 0, 'red', 2, 5, 0.33464277853813, '2022-07-04'),
(920, 0, 'red', 2, 5, 0.12432163476866, '2022-07-04'),
(921, 0, 'red', 2, 5, 0.33464277853813, '2022-07-04'),
(922, 0, 'red', 2, 5, -1.8808948816647, '2022-07-04'),
(923, 0, 'red', 2, 5, 0.12432163476866, '2022-07-04'),
(924, 0, 'red', 2, 5, 0.33464277853813, '2022-07-04'),
(925, 0, 'red', 2, 5, 0.30100776814089, '2022-07-04'),
(926, 0, 'red', 2, 5, 0.00090100850450954, '2022-07-04'),
(927, 0, 'red', 2, 5, 0.30100776814089, '2022-07-04'),
(928, 0, 'red', 2, 5, 0, '2022-07-04'),
(929, 0, 'red', 2, 5, 0.00090100850450954, '2022-07-04'),
(930, 0, 'red', 2, 5, 0.30100776814089, '2022-07-04'),
(931, 0, 'red', 2, 5, -0.23356139608032, '2022-07-04'),
(932, 0, 'red', 2, 5, 0, '2022-07-04'),
(933, 0, 'red', 2, 5, 0.00090100850450942, '2022-07-04'),
(934, 0, 'red', 2, 5, 0.30100776814089, '2022-07-04'),
(935, 0, 'red', 2, 5, -0.90909003785366, '2022-07-04'),
(936, 0, 'green', 2, 5, 0, '2022-07-04'),
(937, 0, 'green', 2, 5, 0, '2022-07-04'),
(938, 0, 'green', 2, 5, 0, '2022-07-04'),
(939, 0, 'green', 2, 5, -0.017616696849374, '2022-07-04'),
(940, 0, 'green', 2, 5, -0.071394460811499, '2022-07-04'),
(941, 0, 'green', 2, 5, 0.0020557076258738, '2022-07-04'),
(942, 0, 'green', 2, 5, -0.071394460811499, '2022-07-04'),
(943, 0, 'green', 2, 5, 0, '2022-07-04'),
(944, 0, 'green', 2, 5, 0, '2022-07-04'),
(945, 0, 'green', 2, 5, -0.017616696849374, '2022-07-04'),
(946, 0, 'green', 2, 5, -0.071394460811499, '2022-07-04'),
(947, 0, 'green', 2, 5, 0.0020557076258738, '2022-07-04'),
(948, 0, 'green', 2, 5, -0.071394460811499, '2022-07-04'),
(949, 0, 'green', 2, 5, 0, '2022-07-04'),
(950, 0, 'green', 2, 5, 0, '2022-07-04'),
(951, 0, 'green', 2, 5, 0, '2022-07-04'),
(952, 0, 'green', 2, 5, 0, '2022-07-04'),
(953, 0, 'green', 2, 5, 0, '2022-07-04'),
(954, 0, 'green', 2, 5, -0.10138786903788, '2022-07-04'),
(955, 0, 'green', 2, 5, -0.16097018911324, '2022-07-04'),
(956, 0, 'green', 2, 5, 1.2617100446277, '2022-07-04'),
(957, 0, 'green', 2, 5, -0.16097018911324, '2022-07-04'),
(958, 0, 'green', 2, 5, 0.017915863809436, '2022-07-04'),
(959, 0, 'green', 2, 5, 0, '2022-07-04'),
(960, 0, 'green', 2, 5, 0.017915863809436, '2022-07-04'),
(961, 0, 'green', 2, 5, -0.056428293808076, '2022-07-04'),
(962, 0, 'green', 2, 5, 0, '2022-07-04'),
(963, 0, 'green', 2, 5, 0.017915863809436, '2022-07-04'),
(964, 0, 'green', 2, 5, 0, '2022-07-04'),
(965, 0, 'green', 2, 5, 0, '2022-07-04'),
(966, 0, 'green', 2, 5, -0.017616696849374, '2022-07-04'),
(967, 0, 'green', 2, 5, -0.071394460811499, '2022-07-04'),
(968, 0, 'green', 2, 5, 0.0020557076258738, '2022-07-04'),
(969, 0, 'green', 2, 5, -0.071394460811499, '2022-07-04'),
(970, 0, 'green', 2, 5, 0, '2022-07-04'),
(971, 0, 'green', 2, 5, 0, '2022-07-04'),
(972, 0, 'green', 2, 5, 0, '2022-07-04'),
(973, 0, 'green', 2, 5, 0, '2022-07-04'),
(974, 0, 'green', 2, 5, 0, '2022-07-04'),
(975, 0, 'green', 2, 5, -0.10138786903788, '2022-07-04'),
(976, 0, 'green', 2, 5, -0.16097018911324, '2022-07-04'),
(977, 0, 'green', 2, 5, 1.2617100446277, '2022-07-04'),
(978, 0, 'green', 2, 5, -0.16097018911324, '2022-07-04'),
(979, 0, 'green', 2, 5, 0.017915863809436, '2022-07-04'),
(980, 0, 'green', 2, 5, 0, '2022-07-04'),
(981, 0, 'green', 2, 5, 0.017915863809436, '2022-07-04'),
(982, 0, 'green', 2, 5, -0.056428293808076, '2022-07-04'),
(983, 0, 'green', 2, 5, 0, '2022-07-04'),
(984, 0, 'green', 2, 5, 0.017915863809436, '2022-07-04'),
(985, 0, 'green', 2, 5, 0, '2022-07-04'),
(986, 0, 'green', 2, 5, 0, '2022-07-04'),
(987, 0, 'green', 2, 5, 0, '2022-07-04'),
(988, 0, 'green', 2, 5, 0, '2022-07-04'),
(989, 0, 'green', 2, 5, 0, '2022-07-04'),
(990, 0, 'green', 2, 5, 0, '2022-07-04'),
(991, 0, 'green', 2, 5, 0, '2022-07-04'),
(992, 0, 'green', 2, 5, 0, '2022-07-04'),
(993, 0, 'green', 2, 5, 0, '2022-07-04'),
(994, 0, 'green', 2, 5, 0, '2022-07-04'),
(995, 0, 'green', 2, 5, 0, '2022-07-04'),
(996, 0, 'green', 2, 5, 0, '2022-07-04'),
(997, 0, 'green', 2, 5, 0, '2022-07-04'),
(998, 0, 'green', 2, 5, 0, '2022-07-04'),
(999, 0, 'green', 2, 5, 0, '2022-07-04'),
(1000, 0, 'green', 2, 5, -0.19033067562981, '2022-07-04'),
(1001, 0, 'green', 2, 5, -0.3063397011216, '2022-07-04'),
(1002, 0, 'green', 2, 5, 0.19715734507236, '2022-07-04'),
(1003, 0, 'green', 2, 5, -0.3063397011216, '2022-07-04'),
(1004, 0, 'green', 2, 5, 0, '2022-07-04'),
(1005, 0, 'green', 2, 5, 0, '2022-07-04'),
(1006, 0, 'green', 2, 5, 0, '2022-07-04'),
(1007, 0, 'green', 2, 5, 0.16641276349531, '2022-07-04'),
(1008, 0, 'green', 2, 5, 0, '2022-07-04'),
(1009, 0, 'green', 2, 5, 0, '2022-07-04'),
(1010, 0, 'green', 2, 5, 0.10355397037475, '2022-07-04'),
(1011, 0, 'green', 2, 5, 0.093495917717426, '2022-07-04'),
(1012, 0, 'green', 2, 5, 0.10355397037475, '2022-07-04'),
(1013, 0, 'green', 2, 5, 0.0023464628119933, '2022-07-04'),
(1014, 0, 'green', 2, 5, 0.093495917717426, '2022-07-04'),
(1015, 0, 'green', 2, 5, 0.10355397037475, '2022-07-04'),
(1016, 0, 'green', 2, 5, -0.1372870290675, '2022-07-04'),
(1017, 0, 'green', 2, 5, 0.0023464628119931, '2022-07-04'),
(1018, 0, 'green', 2, 5, 0.093495917717425, '2022-07-04'),
(1019, 0, 'green', 2, 5, 0.10355397037475, '2022-07-04'),
(1020, 0, 'green', 2, 5, -0.096164811597111, '2022-07-04'),
(1021, 0, 'blue', 3, 4, 0, '2022-07-04'),
(1022, 0, 'blue', 3, 4, 0, '2022-07-04'),
(1023, 0, 'blue', 3, 4, 0, '2022-07-04'),
(1024, 0, 'blue', 3, 4, 0.42624807360053, '2022-07-04'),
(1025, 0, 'blue', 3, 4, 0, '2022-07-04'),
(1026, 0, 'blue', 3, 4, -0.32625326940765, '2022-07-04'),
(1027, 0, 'blue', 3, 4, 0, '2022-07-04'),
(1028, 0, 'blue', 3, 4, 0, '2022-07-04'),
(1029, 0, 'blue', 3, 4, 0, '2022-07-04'),
(1030, 0, 'blue', 3, 4, 0.42624807360053, '2022-07-04'),
(1031, 0, 'blue', 3, 4, 0, '2022-07-04'),
(1032, 0, 'blue', 3, 4, -0.32625326940765, '2022-07-04'),
(1033, 0, 'blue', 3, 4, 0, '2022-07-04'),
(1034, 0, 'blue', 3, 4, 0, '2022-07-04'),
(1035, 0, 'blue', 3, 4, 0, '2022-07-04'),
(1036, 0, 'blue', 3, 4, 0, '2022-07-04'),
(1037, 0, 'blue', 3, 4, 0, '2022-07-04'),
(1038, 0, 'blue', 3, 4, 0, '2022-07-04'),
(1039, 0, 'blue', 3, 4, 0.3715163991567, '2022-07-04'),
(1040, 0, 'blue', 3, 4, 0, '2022-07-04'),
(1041, 0, 'blue', 3, 4, 0, '2022-07-04'),
(1042, 0, 'blue', 3, 4, 0, '2022-07-04'),
(1043, 0, 'blue', 3, 4, 0, '2022-07-04'),
(1044, 0, 'blue', 3, 4, 0, '2022-07-04'),
(1045, 0, 'blue', 3, 4, 0, '2022-07-04'),
(1046, 0, 'blue', 3, 4, -0.39285238592438, '2022-07-04'),
(1047, 0, 'blue', 3, 4, 0, '2022-07-04'),
(1048, 0, 'blue', 3, 4, 0, '2022-07-04'),
(1049, 0, 'blue', 3, 4, 0, '2022-07-04'),
(1050, 0, 'blue', 3, 4, 0, '2022-07-04'),
(1051, 0, 'blue', 3, 4, 0.42624807360053, '2022-07-04'),
(1052, 0, 'blue', 3, 4, 0, '2022-07-04'),
(1053, 0, 'blue', 3, 4, -0.32625326940765, '2022-07-04'),
(1054, 0, 'blue', 3, 4, 0, '2022-07-04'),
(1055, 0, 'blue', 3, 4, 0, '2022-07-04'),
(1056, 0, 'blue', 3, 4, 0, '2022-07-04'),
(1057, 0, 'blue', 3, 4, 0, '2022-07-04'),
(1058, 0, 'blue', 3, 4, 0, '2022-07-04'),
(1059, 0, 'blue', 3, 4, 0, '2022-07-04'),
(1060, 0, 'blue', 3, 4, 0.3715163991567, '2022-07-04'),
(1061, 0, 'blue', 3, 4, 0, '2022-07-04'),
(1062, 0, 'blue', 3, 4, 0, '2022-07-04'),
(1063, 0, 'blue', 3, 4, 0, '2022-07-04'),
(1064, 0, 'blue', 3, 4, 0, '2022-07-04'),
(1065, 0, 'blue', 3, 4, 0, '2022-07-04'),
(1066, 0, 'blue', 3, 4, 0, '2022-07-04'),
(1067, 0, 'blue', 3, 4, -0.39285238592438, '2022-07-04'),
(1068, 0, 'blue', 3, 4, 0, '2022-07-04'),
(1069, 0, 'blue', 3, 4, 0, '2022-07-04'),
(1070, 0, 'blue', 3, 4, 0, '2022-07-04'),
(1071, 0, 'blue', 3, 4, 0, '2022-07-04'),
(1072, 0, 'blue', 3, 4, 0, '2022-07-04'),
(1073, 0, 'blue', 3, 4, 0, '2022-07-04'),
(1074, 0, 'blue', 3, 4, 0, '2022-07-04'),
(1075, 0, 'blue', 3, 4, 0, '2022-07-04'),
(1076, 0, 'blue', 3, 4, 0, '2022-07-04'),
(1077, 0, 'blue', 3, 4, 0, '2022-07-04'),
(1078, 0, 'blue', 3, 4, 0, '2022-07-04'),
(1079, 0, 'blue', 3, 4, 0, '2022-07-04'),
(1080, 0, 'blue', 3, 4, 0, '2022-07-04'),
(1081, 0, 'blue', 3, 4, 0, '2022-07-04'),
(1082, 0, 'blue', 3, 4, 0, '2022-07-04'),
(1083, 0, 'blue', 3, 4, 0, '2022-07-04'),
(1084, 0, 'blue', 3, 4, 0, '2022-07-04'),
(1085, 0, 'blue', 3, 4, 0.16124729352983, '2022-07-04'),
(1086, 0, 'blue', 3, 4, 0, '2022-07-04'),
(1087, 0, 'blue', 3, 4, 0.70452006828626, '2022-07-04'),
(1088, 0, 'blue', 3, 4, 0, '2022-07-04'),
(1089, 0, 'blue', 3, 4, 0, '2022-07-04'),
(1090, 0, 'blue', 3, 4, 0, '2022-07-04'),
(1091, 0, 'blue', 3, 4, 0, '2022-07-04'),
(1092, 0, 'blue', 3, 4, -0.88007670976435, '2022-07-04'),
(1093, 0, 'blue', 3, 4, 0, '2022-07-04'),
(1094, 0, 'blue', 3, 4, 0, '2022-07-04'),
(1095, 0, 'blue', 3, 4, 0, '2022-07-04'),
(1096, 0, 'blue', 3, 4, 0, '2022-07-04'),
(1097, 0, 'blue', 3, 4, 0, '2022-07-04'),
(1098, 0, 'blue', 3, 4, 0, '2022-07-04'),
(1099, 0, 'blue', 3, 4, 0, '2022-07-04'),
(1100, 0, 'blue', 3, 4, 0, '2022-07-04'),
(1101, 0, 'blue', 3, 4, -0.21394271751819, '2022-07-04'),
(1102, 0, 'blue', 3, 4, 0, '2022-07-04'),
(1103, 0, 'blue', 3, 4, 0, '2022-07-04'),
(1104, 0, 'blue', 3, 4, 0, '2022-07-04'),
(1105, 0, 'blue', 3, 4, 0.024457713644175, '2022-07-04'),
(1106, 0, 'red', 3, 4, 0, '2022-07-04'),
(1107, 0, 'red', 3, 4, 0, '2022-07-04'),
(1108, 0, 'red', 3, 4, 0, '2022-07-04'),
(1109, 0, 'red', 3, 4, -0.018481762716107, '2022-07-04'),
(1110, 0, 'red', 3, 4, 0, '2022-07-04'),
(1111, 0, 'red', 3, 4, 0, '2022-07-04'),
(1112, 0, 'red', 3, 4, 0, '2022-07-04'),
(1113, 0, 'red', 3, 4, 0, '2022-07-04'),
(1114, 0, 'red', 3, 4, 0, '2022-07-04'),
(1115, 0, 'red', 3, 4, -0.018481762716107, '2022-07-04'),
(1116, 0, 'red', 3, 4, 0, '2022-07-04'),
(1117, 0, 'red', 3, 4, 0, '2022-07-04'),
(1118, 0, 'red', 3, 4, 0, '2022-07-04'),
(1119, 0, 'red', 3, 4, 0, '2022-07-04'),
(1120, 0, 'red', 3, 4, 0, '2022-07-04'),
(1121, 0, 'red', 3, 4, 0, '2022-07-04'),
(1122, 0, 'red', 3, 4, 0, '2022-07-04'),
(1123, 0, 'red', 3, 4, 0, '2022-07-04'),
(1124, 0, 'red', 3, 4, 0, '2022-07-04'),
(1125, 0, 'red', 3, 4, 0, '2022-07-04'),
(1126, 0, 'red', 3, 4, 0, '2022-07-04'),
(1127, 0, 'red', 3, 4, 0, '2022-07-04'),
(1128, 0, 'red', 3, 4, 0, '2022-07-04'),
(1129, 0, 'red', 3, 4, 0, '2022-07-04'),
(1130, 0, 'red', 3, 4, 0, '2022-07-04'),
(1131, 0, 'red', 3, 4, 0.54281763839672, '2022-07-04'),
(1132, 0, 'red', 3, 4, 0, '2022-07-04'),
(1133, 0, 'red', 3, 4, 0, '2022-07-04'),
(1134, 0, 'red', 3, 4, 0, '2022-07-04'),
(1135, 0, 'red', 3, 4, 0, '2022-07-04'),
(1136, 0, 'red', 3, 4, -0.018481762716107, '2022-07-04'),
(1137, 0, 'red', 3, 4, 0, '2022-07-04'),
(1138, 0, 'red', 3, 4, 0, '2022-07-04'),
(1139, 0, 'red', 3, 4, 0, '2022-07-04'),
(1140, 0, 'red', 3, 4, 0, '2022-07-04'),
(1141, 0, 'red', 3, 4, 0, '2022-07-04'),
(1142, 0, 'red', 3, 4, 0, '2022-07-04'),
(1143, 0, 'red', 3, 4, 0, '2022-07-04'),
(1144, 0, 'red', 3, 4, 0, '2022-07-04'),
(1145, 0, 'red', 3, 4, 0, '2022-07-04'),
(1146, 0, 'red', 3, 4, 0, '2022-07-04'),
(1147, 0, 'red', 3, 4, 0, '2022-07-04'),
(1148, 0, 'red', 3, 4, 0, '2022-07-04'),
(1149, 0, 'red', 3, 4, 0, '2022-07-04'),
(1150, 0, 'red', 3, 4, 0, '2022-07-04'),
(1151, 0, 'red', 3, 4, 0, '2022-07-04'),
(1152, 0, 'red', 3, 4, 0.54281763839672, '2022-07-04'),
(1153, 0, 'red', 3, 4, 0, '2022-07-04'),
(1154, 0, 'red', 3, 4, 0, '2022-07-04'),
(1155, 0, 'red', 3, 4, 0, '2022-07-04'),
(1156, 0, 'red', 3, 4, 0, '2022-07-04'),
(1157, 0, 'red', 3, 4, 0, '2022-07-04'),
(1158, 0, 'red', 3, 4, 0, '2022-07-04'),
(1159, 0, 'red', 3, 4, 0, '2022-07-04'),
(1160, 0, 'red', 3, 4, 0, '2022-07-04'),
(1161, 0, 'red', 3, 4, 0, '2022-07-04'),
(1162, 0, 'red', 3, 4, 0, '2022-07-04'),
(1163, 0, 'red', 3, 4, 0, '2022-07-04'),
(1164, 0, 'red', 3, 4, 0, '2022-07-04'),
(1165, 0, 'red', 3, 4, 0, '2022-07-04'),
(1166, 0, 'red', 3, 4, 0, '2022-07-04'),
(1167, 0, 'red', 3, 4, 0, '2022-07-04'),
(1168, 0, 'red', 3, 4, 0, '2022-07-04'),
(1169, 0, 'red', 3, 4, 0, '2022-07-04'),
(1170, 0, 'red', 3, 4, 0, '2022-07-04'),
(1171, 0, 'red', 3, 4, 0, '2022-07-04'),
(1172, 0, 'red', 3, 4, -1.803833746529, '2022-07-04'),
(1173, 0, 'red', 3, 4, 0, '2022-07-04'),
(1174, 0, 'red', 3, 4, 0, '2022-07-04'),
(1175, 0, 'red', 3, 4, 0, '2022-07-04'),
(1176, 0, 'red', 3, 4, 0, '2022-07-04');
INSERT INTO `lr.coef_` (`lr.coef_id`, `type`, `color`, `left_player`, `right_player`, `data`, `date`) VALUES
(1177, 0, 'red', 3, 4, 0, '2022-07-04'),
(1178, 0, 'red', 3, 4, 0, '2022-07-04'),
(1179, 0, 'red', 3, 4, 0, '2022-07-04'),
(1180, 0, 'red', 3, 4, 0, '2022-07-04'),
(1181, 0, 'red', 3, 4, 0, '2022-07-04'),
(1182, 0, 'red', 3, 4, 0, '2022-07-04'),
(1183, 0, 'red', 3, 4, 0, '2022-07-04'),
(1184, 0, 'red', 3, 4, 0, '2022-07-04'),
(1185, 0, 'red', 3, 4, 0, '2022-07-04'),
(1186, 0, 'red', 3, 4, 0.99458429084934, '2022-07-04'),
(1187, 0, 'red', 3, 4, 0, '2022-07-04'),
(1188, 0, 'red', 3, 4, 0, '2022-07-04'),
(1189, 0, 'red', 3, 4, 0, '2022-07-04'),
(1190, 0, 'red', 3, 4, 0.27024904401245, '2022-07-04'),
(1191, 0, 'green', 3, 4, 0, '2022-07-04'),
(1192, 0, 'green', 3, 4, 0, '2022-07-04'),
(1193, 0, 'green', 3, 4, 0, '2022-07-04'),
(1194, 0, 'green', 3, 4, 0, '2022-07-04'),
(1195, 0, 'green', 3, 4, 0, '2022-07-04'),
(1196, 0, 'green', 3, 4, 0, '2022-07-04'),
(1197, 0, 'green', 3, 4, 0, '2022-07-04'),
(1198, 0, 'green', 3, 4, 0, '2022-07-04'),
(1199, 0, 'green', 3, 4, 0, '2022-07-04'),
(1200, 0, 'green', 3, 4, 0, '2022-07-04'),
(1201, 0, 'green', 3, 4, 0, '2022-07-04'),
(1202, 0, 'green', 3, 4, 0, '2022-07-04'),
(1203, 0, 'green', 3, 4, 0, '2022-07-04'),
(1204, 0, 'green', 3, 4, 0, '2022-07-04'),
(1205, 0, 'green', 3, 4, 0, '2022-07-04'),
(1206, 0, 'green', 3, 4, 0, '2022-07-04'),
(1207, 0, 'green', 3, 4, 0, '2022-07-04'),
(1208, 0, 'green', 3, 4, 0, '2022-07-04'),
(1209, 0, 'green', 3, 4, 0, '2022-07-04'),
(1210, 0, 'green', 3, 4, 0, '2022-07-04'),
(1211, 0, 'green', 3, 4, 0, '2022-07-04'),
(1212, 0, 'green', 3, 4, 0, '2022-07-04'),
(1213, 0, 'green', 3, 4, 0, '2022-07-04'),
(1214, 0, 'green', 3, 4, 0, '2022-07-04'),
(1215, 0, 'green', 3, 4, 0, '2022-07-04'),
(1216, 0, 'green', 3, 4, 0, '2022-07-04'),
(1217, 0, 'green', 3, 4, 0, '2022-07-04'),
(1218, 0, 'green', 3, 4, 0, '2022-07-04'),
(1219, 0, 'green', 3, 4, 0, '2022-07-04'),
(1220, 0, 'green', 3, 4, 0, '2022-07-04'),
(1221, 0, 'green', 3, 4, 0, '2022-07-04'),
(1222, 0, 'green', 3, 4, 0, '2022-07-04'),
(1223, 0, 'green', 3, 4, 0, '2022-07-04'),
(1224, 0, 'green', 3, 4, 0, '2022-07-04'),
(1225, 0, 'green', 3, 4, 0, '2022-07-04'),
(1226, 0, 'green', 3, 4, 0, '2022-07-04'),
(1227, 0, 'green', 3, 4, 0, '2022-07-04'),
(1228, 0, 'green', 3, 4, 0, '2022-07-04'),
(1229, 0, 'green', 3, 4, 0, '2022-07-04'),
(1230, 0, 'green', 3, 4, 0, '2022-07-04'),
(1231, 0, 'green', 3, 4, 0, '2022-07-04'),
(1232, 0, 'green', 3, 4, 0, '2022-07-04'),
(1233, 0, 'green', 3, 4, 0, '2022-07-04'),
(1234, 0, 'green', 3, 4, 0, '2022-07-04'),
(1235, 0, 'green', 3, 4, 0, '2022-07-04'),
(1236, 0, 'green', 3, 4, 0, '2022-07-04'),
(1237, 0, 'green', 3, 4, 0, '2022-07-04'),
(1238, 0, 'green', 3, 4, 0, '2022-07-04'),
(1239, 0, 'green', 3, 4, 0, '2022-07-04'),
(1240, 0, 'green', 3, 4, 0, '2022-07-04'),
(1241, 0, 'green', 3, 4, 0, '2022-07-04'),
(1242, 0, 'green', 3, 4, 0, '2022-07-04'),
(1243, 0, 'green', 3, 4, 0, '2022-07-04'),
(1244, 0, 'green', 3, 4, 0, '2022-07-04'),
(1245, 0, 'green', 3, 4, 0, '2022-07-04'),
(1246, 0, 'green', 3, 4, 0, '2022-07-04'),
(1247, 0, 'green', 3, 4, 0, '2022-07-04'),
(1248, 0, 'green', 3, 4, 0, '2022-07-04'),
(1249, 0, 'green', 3, 4, 0, '2022-07-04'),
(1250, 0, 'green', 3, 4, 0, '2022-07-04'),
(1251, 0, 'green', 3, 4, 0, '2022-07-04'),
(1252, 0, 'green', 3, 4, 0, '2022-07-04'),
(1253, 0, 'green', 3, 4, 0, '2022-07-04'),
(1254, 0, 'green', 3, 4, 0, '2022-07-04'),
(1255, 0, 'green', 3, 4, 0, '2022-07-04'),
(1256, 0, 'green', 3, 4, 0, '2022-07-04'),
(1257, 0, 'green', 3, 4, 0, '2022-07-04'),
(1258, 0, 'green', 3, 4, 0, '2022-07-04'),
(1259, 0, 'green', 3, 4, 0, '2022-07-04'),
(1260, 0, 'green', 3, 4, 0, '2022-07-04'),
(1261, 0, 'green', 3, 4, 0, '2022-07-04'),
(1262, 0, 'green', 3, 4, 0, '2022-07-04'),
(1263, 0, 'green', 3, 4, 0, '2022-07-04'),
(1264, 0, 'green', 3, 4, 0, '2022-07-04'),
(1265, 0, 'green', 3, 4, 0, '2022-07-04'),
(1266, 0, 'green', 3, 4, 0, '2022-07-04'),
(1267, 0, 'green', 3, 4, 0, '2022-07-04'),
(1268, 0, 'green', 3, 4, 0, '2022-07-04'),
(1269, 0, 'green', 3, 4, 0, '2022-07-04'),
(1270, 0, 'green', 3, 4, 0, '2022-07-04'),
(1271, 0, 'green', 3, 4, 0, '2022-07-04'),
(1272, 0, 'green', 3, 4, 0, '2022-07-04'),
(1273, 0, 'green', 3, 4, 0, '2022-07-04'),
(1274, 0, 'green', 3, 4, 0, '2022-07-04'),
(1275, 0, 'green', 3, 4, -0.29470675765663, '2022-07-04'),
(1276, 0, 'blue', 3, 5, 0, '2022-07-04'),
(1277, 0, 'blue', 3, 5, 0, '2022-07-04'),
(1278, 0, 'blue', 3, 5, 0, '2022-07-04'),
(1279, 0, 'blue', 3, 5, 0.0086699909850309, '2022-07-04'),
(1280, 0, 'blue', 3, 5, 0, '2022-07-04'),
(1281, 0, 'blue', 3, 5, 0, '2022-07-04'),
(1282, 0, 'blue', 3, 5, 0, '2022-07-04'),
(1283, 0, 'blue', 3, 5, 0, '2022-07-04'),
(1284, 0, 'blue', 3, 5, 0, '2022-07-04'),
(1285, 0, 'blue', 3, 5, 0.0086699909850309, '2022-07-04'),
(1286, 0, 'blue', 3, 5, 0, '2022-07-04'),
(1287, 0, 'blue', 3, 5, 0, '2022-07-04'),
(1288, 0, 'blue', 3, 5, 0, '2022-07-04'),
(1289, 0, 'blue', 3, 5, 0, '2022-07-04'),
(1290, 0, 'blue', 3, 5, 0, '2022-07-04'),
(1291, 0, 'blue', 3, 5, 0, '2022-07-04'),
(1292, 0, 'blue', 3, 5, 0, '2022-07-04'),
(1293, 0, 'blue', 3, 5, 0, '2022-07-04'),
(1294, 0, 'blue', 3, 5, 0.58254995450909, '2022-07-04'),
(1295, 0, 'blue', 3, 5, 0, '2022-07-04'),
(1296, 0, 'blue', 3, 5, 0, '2022-07-04'),
(1297, 0, 'blue', 3, 5, 0, '2022-07-04'),
(1298, 0, 'blue', 3, 5, 0, '2022-07-04'),
(1299, 0, 'blue', 3, 5, -0.18083365856631, '2022-07-04'),
(1300, 0, 'blue', 3, 5, 0, '2022-07-04'),
(1301, 0, 'blue', 3, 5, 0, '2022-07-04'),
(1302, 0, 'blue', 3, 5, -0.18083365856631, '2022-07-04'),
(1303, 0, 'blue', 3, 5, 0, '2022-07-04'),
(1304, 0, 'blue', 3, 5, 0, '2022-07-04'),
(1305, 0, 'blue', 3, 5, 0, '2022-07-04'),
(1306, 0, 'blue', 3, 5, 0.0086699909850309, '2022-07-04'),
(1307, 0, 'blue', 3, 5, 0, '2022-07-04'),
(1308, 0, 'blue', 3, 5, 0, '2022-07-04'),
(1309, 0, 'blue', 3, 5, 0, '2022-07-04'),
(1310, 0, 'blue', 3, 5, 0, '2022-07-04'),
(1311, 0, 'blue', 3, 5, 0, '2022-07-04'),
(1312, 0, 'blue', 3, 5, 0, '2022-07-04'),
(1313, 0, 'blue', 3, 5, 0, '2022-07-04'),
(1314, 0, 'blue', 3, 5, 0, '2022-07-04'),
(1315, 0, 'blue', 3, 5, 0.58254995450909, '2022-07-04'),
(1316, 0, 'blue', 3, 5, 0, '2022-07-04'),
(1317, 0, 'blue', 3, 5, 0, '2022-07-04'),
(1318, 0, 'blue', 3, 5, 0, '2022-07-04'),
(1319, 0, 'blue', 3, 5, 0, '2022-07-04'),
(1320, 0, 'blue', 3, 5, -0.18083365856631, '2022-07-04'),
(1321, 0, 'blue', 3, 5, 0, '2022-07-04'),
(1322, 0, 'blue', 3, 5, 0, '2022-07-04'),
(1323, 0, 'blue', 3, 5, -0.18083365856631, '2022-07-04'),
(1324, 0, 'blue', 3, 5, 0, '2022-07-04'),
(1325, 0, 'blue', 3, 5, 0, '2022-07-04'),
(1326, 0, 'blue', 3, 5, 0, '2022-07-04'),
(1327, 0, 'blue', 3, 5, 0, '2022-07-04'),
(1328, 0, 'blue', 3, 5, 0, '2022-07-04'),
(1329, 0, 'blue', 3, 5, 0, '2022-07-04'),
(1330, 0, 'blue', 3, 5, 0, '2022-07-04'),
(1331, 0, 'blue', 3, 5, 0, '2022-07-04'),
(1332, 0, 'blue', 3, 5, 0, '2022-07-04'),
(1333, 0, 'blue', 3, 5, 0, '2022-07-04'),
(1334, 0, 'blue', 3, 5, 0, '2022-07-04'),
(1335, 0, 'blue', 3, 5, 0, '2022-07-04'),
(1336, 0, 'blue', 3, 5, 0, '2022-07-04'),
(1337, 0, 'blue', 3, 5, 0, '2022-07-04'),
(1338, 0, 'blue', 3, 5, 0, '2022-07-04'),
(1339, 0, 'blue', 3, 5, 0, '2022-07-04'),
(1340, 0, 'blue', 3, 5, 0.77533859295966, '2022-07-04'),
(1341, 0, 'blue', 3, 5, 0, '2022-07-04'),
(1342, 0, 'blue', 3, 5, 0.1058519119603, '2022-07-04'),
(1343, 0, 'blue', 3, 5, 0, '2022-07-04'),
(1344, 0, 'blue', 3, 5, 0, '2022-07-04'),
(1345, 0, 'blue', 3, 5, 0, '2022-07-04'),
(1346, 0, 'blue', 3, 5, 0, '2022-07-04'),
(1347, 0, 'blue', 3, 5, -1.3773744280801, '2022-07-04'),
(1348, 0, 'blue', 3, 5, 0, '2022-07-04'),
(1349, 0, 'blue', 3, 5, 0, '2022-07-04'),
(1350, 0, 'blue', 3, 5, 0, '2022-07-04'),
(1351, 0, 'blue', 3, 5, 0, '2022-07-04'),
(1352, 0, 'blue', 3, 5, 0, '2022-07-04'),
(1353, 0, 'blue', 3, 5, -0.40123678234215, '2022-07-04'),
(1354, 0, 'blue', 3, 5, 0, '2022-07-04'),
(1355, 0, 'blue', 3, 5, 0, '2022-07-04'),
(1356, 0, 'blue', 3, 5, 0, '2022-07-04'),
(1357, 0, 'blue', 3, 5, -0.40123678234215, '2022-07-04'),
(1358, 0, 'blue', 3, 5, 0, '2022-07-04'),
(1359, 0, 'blue', 3, 5, 0, '2022-07-04'),
(1360, 0, 'blue', 3, 5, 0.3471272652564, '2022-07-04'),
(1361, 0, 'red', 3, 5, 0, '2022-07-04'),
(1362, 0, 'red', 3, 5, 0, '2022-07-04'),
(1363, 0, 'red', 3, 5, 0, '2022-07-04'),
(1364, 0, 'red', 3, 5, -0.39847419134128, '2022-07-04'),
(1365, 0, 'red', 3, 5, 0, '2022-07-04'),
(1366, 0, 'red', 3, 5, 0.49978506290258, '2022-07-04'),
(1367, 0, 'red', 3, 5, 0, '2022-07-04'),
(1368, 0, 'red', 3, 5, 0, '2022-07-04'),
(1369, 0, 'red', 3, 5, 0, '2022-07-04'),
(1370, 0, 'red', 3, 5, -0.39847419134128, '2022-07-04'),
(1371, 0, 'red', 3, 5, 0, '2022-07-04'),
(1372, 0, 'red', 3, 5, 0.49978506290258, '2022-07-04'),
(1373, 0, 'red', 3, 5, 0, '2022-07-04'),
(1374, 0, 'red', 3, 5, 0, '2022-07-04'),
(1375, 0, 'red', 3, 5, 0, '2022-07-04'),
(1376, 0, 'red', 3, 5, 0, '2022-07-04'),
(1377, 0, 'red', 3, 5, 0, '2022-07-04'),
(1378, 0, 'red', 3, 5, 0, '2022-07-04'),
(1379, 0, 'red', 3, 5, -0.40770113892559, '2022-07-04'),
(1380, 0, 'red', 3, 5, 0, '2022-07-04'),
(1381, 0, 'red', 3, 5, 0, '2022-07-04'),
(1382, 0, 'red', 3, 5, 0, '2022-07-04'),
(1383, 0, 'red', 3, 5, 0, '2022-07-04'),
(1384, 0, 'red', 3, 5, 0, '2022-07-04'),
(1385, 0, 'red', 3, 5, 0, '2022-07-04'),
(1386, 0, 'red', 3, 5, 0.49330682763411, '2022-07-04'),
(1387, 0, 'red', 3, 5, 0, '2022-07-04'),
(1388, 0, 'red', 3, 5, 0, '2022-07-04'),
(1389, 0, 'red', 3, 5, 0, '2022-07-04'),
(1390, 0, 'red', 3, 5, 0, '2022-07-04'),
(1391, 0, 'red', 3, 5, -0.39847419134128, '2022-07-04'),
(1392, 0, 'red', 3, 5, 0, '2022-07-04'),
(1393, 0, 'red', 3, 5, 0.49978506290258, '2022-07-04'),
(1394, 0, 'red', 3, 5, 0, '2022-07-04'),
(1395, 0, 'red', 3, 5, 0, '2022-07-04'),
(1396, 0, 'red', 3, 5, 0, '2022-07-04'),
(1397, 0, 'red', 3, 5, 0, '2022-07-04'),
(1398, 0, 'red', 3, 5, 0, '2022-07-04'),
(1399, 0, 'red', 3, 5, 0, '2022-07-04'),
(1400, 0, 'red', 3, 5, -0.40770113892559, '2022-07-04'),
(1401, 0, 'red', 3, 5, 0, '2022-07-04'),
(1402, 0, 'red', 3, 5, 0, '2022-07-04'),
(1403, 0, 'red', 3, 5, 0, '2022-07-04'),
(1404, 0, 'red', 3, 5, 0, '2022-07-04'),
(1405, 0, 'red', 3, 5, 0, '2022-07-04'),
(1406, 0, 'red', 3, 5, 0, '2022-07-04'),
(1407, 0, 'red', 3, 5, 0.49330682763411, '2022-07-04'),
(1408, 0, 'red', 3, 5, 0, '2022-07-04'),
(1409, 0, 'red', 3, 5, 0, '2022-07-04'),
(1410, 0, 'red', 3, 5, 0, '2022-07-04'),
(1411, 0, 'red', 3, 5, 0, '2022-07-04'),
(1412, 0, 'red', 3, 5, 0, '2022-07-04'),
(1413, 0, 'red', 3, 5, 0, '2022-07-04'),
(1414, 0, 'red', 3, 5, 0, '2022-07-04'),
(1415, 0, 'red', 3, 5, 0, '2022-07-04'),
(1416, 0, 'red', 3, 5, 0, '2022-07-04'),
(1417, 0, 'red', 3, 5, 0, '2022-07-04'),
(1418, 0, 'red', 3, 5, 0, '2022-07-04'),
(1419, 0, 'red', 3, 5, 0, '2022-07-04'),
(1420, 0, 'red', 3, 5, 0, '2022-07-04'),
(1421, 0, 'red', 3, 5, 0, '2022-07-04'),
(1422, 0, 'red', 3, 5, 0, '2022-07-04'),
(1423, 0, 'red', 3, 5, 0, '2022-07-04'),
(1424, 0, 'red', 3, 5, 0, '2022-07-04'),
(1425, 0, 'red', 3, 5, -0.022261099086322, '2022-07-04'),
(1426, 0, 'red', 3, 5, 0, '2022-07-04'),
(1427, 0, 'red', 3, 5, -1.3607578853609, '2022-07-04'),
(1428, 0, 'red', 3, 5, 0, '2022-07-04'),
(1429, 0, 'red', 3, 5, 0, '2022-07-04'),
(1430, 0, 'red', 3, 5, 0, '2022-07-04'),
(1431, 0, 'red', 3, 5, 0, '2022-07-04'),
(1432, 0, 'red', 3, 5, 0, '2022-07-04'),
(1433, 0, 'red', 3, 5, 0, '2022-07-04'),
(1434, 0, 'red', 3, 5, 0, '2022-07-04'),
(1435, 0, 'red', 3, 5, 0, '2022-07-04'),
(1436, 0, 'red', 3, 5, 0, '2022-07-04'),
(1437, 0, 'red', 3, 5, 0, '2022-07-04'),
(1438, 0, 'red', 3, 5, 0.33141186277329, '2022-07-04'),
(1439, 0, 'red', 3, 5, 0, '2022-07-04'),
(1440, 0, 'red', 3, 5, 0, '2022-07-04'),
(1441, 0, 'red', 3, 5, 0.28249535719593, '2022-07-04'),
(1442, 0, 'red', 3, 5, 0.33141186277329, '2022-07-04'),
(1443, 0, 'red', 3, 5, 0, '2022-07-04'),
(1444, 0, 'red', 3, 5, 0, '2022-07-04'),
(1445, 0, 'red', 3, 5, -0.06163419162555, '2022-07-04'),
(1446, 0, 'green', 3, 5, 0, '2022-07-04'),
(1447, 0, 'green', 3, 5, 0, '2022-07-04'),
(1448, 0, 'green', 3, 5, 0, '2022-07-04'),
(1449, 0, 'green', 3, 5, 0, '2022-07-04'),
(1450, 0, 'green', 3, 5, 0, '2022-07-04'),
(1451, 0, 'green', 3, 5, 0, '2022-07-04'),
(1452, 0, 'green', 3, 5, 0, '2022-07-04'),
(1453, 0, 'green', 3, 5, 0, '2022-07-04'),
(1454, 0, 'green', 3, 5, 0, '2022-07-04'),
(1455, 0, 'green', 3, 5, 0, '2022-07-04'),
(1456, 0, 'green', 3, 5, 0, '2022-07-04'),
(1457, 0, 'green', 3, 5, 0, '2022-07-04'),
(1458, 0, 'green', 3, 5, 0, '2022-07-04'),
(1459, 0, 'green', 3, 5, 0, '2022-07-04'),
(1460, 0, 'green', 3, 5, 0, '2022-07-04'),
(1461, 0, 'green', 3, 5, 0, '2022-07-04'),
(1462, 0, 'green', 3, 5, 0, '2022-07-04'),
(1463, 0, 'green', 3, 5, 0, '2022-07-04'),
(1464, 0, 'green', 3, 5, 0, '2022-07-04'),
(1465, 0, 'green', 3, 5, 0, '2022-07-04'),
(1466, 0, 'green', 3, 5, 0, '2022-07-04'),
(1467, 0, 'green', 3, 5, 0, '2022-07-04'),
(1468, 0, 'green', 3, 5, 0, '2022-07-04'),
(1469, 0, 'green', 3, 5, 0, '2022-07-04'),
(1470, 0, 'green', 3, 5, 0, '2022-07-04'),
(1471, 0, 'green', 3, 5, 0, '2022-07-04'),
(1472, 0, 'green', 3, 5, 0, '2022-07-04'),
(1473, 0, 'green', 3, 5, 0, '2022-07-04'),
(1474, 0, 'green', 3, 5, 0, '2022-07-04'),
(1475, 0, 'green', 3, 5, 0, '2022-07-04'),
(1476, 0, 'green', 3, 5, 0, '2022-07-04'),
(1477, 0, 'green', 3, 5, 0, '2022-07-04'),
(1478, 0, 'green', 3, 5, 0, '2022-07-04'),
(1479, 0, 'green', 3, 5, 0, '2022-07-04'),
(1480, 0, 'green', 3, 5, 0, '2022-07-04'),
(1481, 0, 'green', 3, 5, 0, '2022-07-04'),
(1482, 0, 'green', 3, 5, 0, '2022-07-04'),
(1483, 0, 'green', 3, 5, 0, '2022-07-04'),
(1484, 0, 'green', 3, 5, 0, '2022-07-04'),
(1485, 0, 'green', 3, 5, 0, '2022-07-04'),
(1486, 0, 'green', 3, 5, 0, '2022-07-04'),
(1487, 0, 'green', 3, 5, 0, '2022-07-04'),
(1488, 0, 'green', 3, 5, 0, '2022-07-04'),
(1489, 0, 'green', 3, 5, 0, '2022-07-04'),
(1490, 0, 'green', 3, 5, 0, '2022-07-04'),
(1491, 0, 'green', 3, 5, 0, '2022-07-04'),
(1492, 0, 'green', 3, 5, 0, '2022-07-04'),
(1493, 0, 'green', 3, 5, 0, '2022-07-04'),
(1494, 0, 'green', 3, 5, 0, '2022-07-04'),
(1495, 0, 'green', 3, 5, 0, '2022-07-04'),
(1496, 0, 'green', 3, 5, 0, '2022-07-04'),
(1497, 0, 'green', 3, 5, 0, '2022-07-04'),
(1498, 0, 'green', 3, 5, 0, '2022-07-04'),
(1499, 0, 'green', 3, 5, 0, '2022-07-04'),
(1500, 0, 'green', 3, 5, 0, '2022-07-04'),
(1501, 0, 'green', 3, 5, 0, '2022-07-04'),
(1502, 0, 'green', 3, 5, 0, '2022-07-04'),
(1503, 0, 'green', 3, 5, 0, '2022-07-04'),
(1504, 0, 'green', 3, 5, 0, '2022-07-04'),
(1505, 0, 'green', 3, 5, 0, '2022-07-04'),
(1506, 0, 'green', 3, 5, 0, '2022-07-04'),
(1507, 0, 'green', 3, 5, 0, '2022-07-04'),
(1508, 0, 'green', 3, 5, 0, '2022-07-04'),
(1509, 0, 'green', 3, 5, 0, '2022-07-04'),
(1510, 0, 'green', 3, 5, 0, '2022-07-04'),
(1511, 0, 'green', 3, 5, 0, '2022-07-04'),
(1512, 0, 'green', 3, 5, 0, '2022-07-04'),
(1513, 0, 'green', 3, 5, 0, '2022-07-04'),
(1514, 0, 'green', 3, 5, 0, '2022-07-04'),
(1515, 0, 'green', 3, 5, 0, '2022-07-04'),
(1516, 0, 'green', 3, 5, 0, '2022-07-04'),
(1517, 0, 'green', 3, 5, 0, '2022-07-04'),
(1518, 0, 'green', 3, 5, 0, '2022-07-04'),
(1519, 0, 'green', 3, 5, 0, '2022-07-04'),
(1520, 0, 'green', 3, 5, 0, '2022-07-04'),
(1521, 0, 'green', 3, 5, 0, '2022-07-04'),
(1522, 0, 'green', 3, 5, 0, '2022-07-04'),
(1523, 0, 'green', 3, 5, 0, '2022-07-04'),
(1524, 0, 'green', 3, 5, 0, '2022-07-04'),
(1525, 0, 'green', 3, 5, 0, '2022-07-04'),
(1526, 0, 'green', 3, 5, 0, '2022-07-04'),
(1527, 0, 'green', 3, 5, 0, '2022-07-04'),
(1528, 0, 'green', 3, 5, 0, '2022-07-04'),
(1529, 0, 'green', 3, 5, 0, '2022-07-04'),
(1530, 0, 'green', 3, 5, -0.28549307363085, '2022-07-04'),
(1531, 0, 'blue', 3, 6, 0, '2022-07-04'),
(1532, 0, 'blue', 3, 6, 0, '2022-07-04'),
(1533, 0, 'blue', 3, 6, 0, '2022-07-04'),
(1534, 0, 'blue', 3, 6, -0.96086073089646, '2022-07-04'),
(1535, 0, 'blue', 3, 6, -0.33600768367053, '2022-07-04'),
(1536, 0, 'blue', 3, 6, 1.3905649989966, '2022-07-04'),
(1537, 0, 'blue', 3, 6, -0.33600768367053, '2022-07-04'),
(1538, 0, 'blue', 3, 6, 0, '2022-07-04'),
(1539, 0, 'blue', 3, 6, 0, '2022-07-04'),
(1540, 0, 'blue', 3, 6, -0.96086073089646, '2022-07-04'),
(1541, 0, 'blue', 3, 6, -0.33600768367053, '2022-07-04'),
(1542, 0, 'blue', 3, 6, 1.3905649989966, '2022-07-04'),
(1543, 0, 'blue', 3, 6, -0.33600768367053, '2022-07-04'),
(1544, 0, 'blue', 3, 6, 0, '2022-07-04'),
(1545, 0, 'blue', 3, 6, 0, '2022-07-04'),
(1546, 0, 'blue', 3, 6, 0, '2022-07-04'),
(1547, 0, 'blue', 3, 6, 0, '2022-07-04'),
(1548, 0, 'blue', 3, 6, 0, '2022-07-04'),
(1549, 0, 'blue', 3, 6, -0.88125870066455, '2022-07-04'),
(1550, 0, 'blue', 3, 6, -0.29869585843345, '2022-07-04'),
(1551, 0, 'blue', 3, 6, 0.26097344604174, '2022-07-04'),
(1552, 0, 'blue', 3, 6, -0.29869585843345, '2022-07-04'),
(1553, 0, 'blue', 3, 6, -0.55475505531258, '2022-07-04'),
(1554, 0, 'blue', 3, 6, -0.47157657351885, '2022-07-04'),
(1555, 0, 'blue', 3, 6, -0.55475505531258, '2022-07-04'),
(1556, 0, 'blue', 3, 6, 1.4734820105712, '2022-07-04'),
(1557, 0, 'blue', 3, 6, -0.47157657351885, '2022-07-04'),
(1558, 0, 'blue', 3, 6, -0.55475505531258, '2022-07-04'),
(1559, 0, 'blue', 3, 6, 0, '2022-07-04'),
(1560, 0, 'blue', 3, 6, 0, '2022-07-04'),
(1561, 0, 'blue', 3, 6, -0.96086073089646, '2022-07-04'),
(1562, 0, 'blue', 3, 6, -0.33600768367053, '2022-07-04'),
(1563, 0, 'blue', 3, 6, 1.3905649989966, '2022-07-04'),
(1564, 0, 'blue', 3, 6, -0.33600768367053, '2022-07-04'),
(1565, 0, 'blue', 3, 6, 0, '2022-07-04'),
(1566, 0, 'blue', 3, 6, 0, '2022-07-04'),
(1567, 0, 'blue', 3, 6, 0, '2022-07-04'),
(1568, 0, 'blue', 3, 6, 0, '2022-07-04'),
(1569, 0, 'blue', 3, 6, 0, '2022-07-04'),
(1570, 0, 'blue', 3, 6, -0.88125870066455, '2022-07-04'),
(1571, 0, 'blue', 3, 6, -0.29869585843345, '2022-07-04'),
(1572, 0, 'blue', 3, 6, 0.26097344604174, '2022-07-04'),
(1573, 0, 'blue', 3, 6, -0.29869585843345, '2022-07-04'),
(1574, 0, 'blue', 3, 6, -0.55475505531258, '2022-07-04'),
(1575, 0, 'blue', 3, 6, -0.47157657351885, '2022-07-04'),
(1576, 0, 'blue', 3, 6, -0.55475505531258, '2022-07-04'),
(1577, 0, 'blue', 3, 6, 1.4734820105712, '2022-07-04'),
(1578, 0, 'blue', 3, 6, -0.47157657351885, '2022-07-04'),
(1579, 0, 'blue', 3, 6, -0.55475505531258, '2022-07-04'),
(1580, 0, 'blue', 3, 6, 0, '2022-07-04'),
(1581, 0, 'blue', 3, 6, 0, '2022-07-04'),
(1582, 0, 'blue', 3, 6, 0, '2022-07-04'),
(1583, 0, 'blue', 3, 6, 0, '2022-07-04'),
(1584, 0, 'blue', 3, 6, 0, '2022-07-04'),
(1585, 0, 'blue', 3, 6, 0, '2022-07-04'),
(1586, 0, 'blue', 3, 6, 0, '2022-07-04'),
(1587, 0, 'blue', 3, 6, 0, '2022-07-04'),
(1588, 0, 'blue', 3, 6, 0, '2022-07-04'),
(1589, 0, 'blue', 3, 6, 0, '2022-07-04'),
(1590, 0, 'blue', 3, 6, 0, '2022-07-04'),
(1591, 0, 'blue', 3, 6, 0, '2022-07-04'),
(1592, 0, 'blue', 3, 6, 0, '2022-07-04'),
(1593, 0, 'blue', 3, 6, 0, '2022-07-04'),
(1594, 0, 'blue', 3, 6, 0, '2022-07-04'),
(1595, 0, 'blue', 3, 6, -0.69322012761333, '2022-07-04'),
(1596, 0, 'blue', 3, 6, -0.42498221987443, '2022-07-04'),
(1597, 0, 'blue', 3, 6, -1.5092744070575, '2022-07-04'),
(1598, 0, 'blue', 3, 6, -0.42498221987443, '2022-07-04'),
(1599, 0, 'blue', 3, 6, -0.4341877220474, '2022-07-04'),
(1600, 0, 'blue', 3, 6, -0.3730709347742, '2022-07-04'),
(1601, 0, 'blue', 3, 6, -0.4341877220474, '2022-07-04'),
(1602, 0, 'blue', 3, 6, 1.5739150504159, '2022-07-04'),
(1603, 0, 'blue', 3, 6, -0.3730709347742, '2022-07-04'),
(1604, 0, 'blue', 3, 6, -0.4341877220474, '2022-07-04'),
(1605, 0, 'blue', 3, 6, -0.22552131955308, '2022-07-04'),
(1606, 0, 'blue', 3, 6, -0.69983445823398, '2022-07-04'),
(1607, 0, 'blue', 3, 6, -0.22552131955308, '2022-07-04'),
(1608, 0, 'blue', 3, 6, -0.60272323448871, '2022-07-04'),
(1609, 0, 'blue', 3, 6, -0.69983445823398, '2022-07-04'),
(1610, 0, 'blue', 3, 6, -0.22552131955308, '2022-07-04'),
(1611, 0, 'blue', 3, 6, 1.369182064713, '2022-07-04'),
(1612, 0, 'blue', 3, 6, -0.60272323448871, '2022-07-04'),
(1613, 0, 'blue', 3, 6, -0.69983445823398, '2022-07-04'),
(1614, 0, 'blue', 3, 6, -0.22552131955308, '2022-07-04'),
(1615, 0, 'blue', 3, 6, 0.46149803564956, '2022-07-04'),
(1616, 0, 'red', 3, 6, 0, '2022-07-04'),
(1617, 0, 'red', 3, 6, 0, '2022-07-04'),
(1618, 0, 'red', 3, 6, 0, '2022-07-04'),
(1619, 0, 'red', 3, 6, 0.56029061840953, '2022-07-04'),
(1620, 0, 'red', 3, 6, 0.034627891630472, '2022-07-04'),
(1621, 0, 'red', 3, 6, -0.45715148732267, '2022-07-04'),
(1622, 0, 'red', 3, 6, 0.034627891630472, '2022-07-04'),
(1623, 0, 'red', 3, 6, 0, '2022-07-04'),
(1624, 0, 'red', 3, 6, 0, '2022-07-04'),
(1625, 0, 'red', 3, 6, 0.56029061840953, '2022-07-04'),
(1626, 0, 'red', 3, 6, 0.034627891630472, '2022-07-04'),
(1627, 0, 'red', 3, 6, -0.45715148732267, '2022-07-04'),
(1628, 0, 'red', 3, 6, 0.034627891630472, '2022-07-04'),
(1629, 0, 'red', 3, 6, 0, '2022-07-04'),
(1630, 0, 'red', 3, 6, 0, '2022-07-04'),
(1631, 0, 'red', 3, 6, 0, '2022-07-04'),
(1632, 0, 'red', 3, 6, 0, '2022-07-04'),
(1633, 0, 'red', 3, 6, 0, '2022-07-04'),
(1634, 0, 'red', 3, 6, 0.70611497840166, '2022-07-04'),
(1635, 0, 'red', 3, 6, -0.38928165850205, '2022-07-04'),
(1636, 0, 'red', 3, 6, -0.87286451065384, '2022-07-04'),
(1637, 0, 'red', 3, 6, -0.38928165850205, '2022-07-04'),
(1638, 0, 'red', 3, 6, 0.40751387361972, '2022-07-04'),
(1639, 0, 'red', 3, 6, 0.79543569125461, '2022-07-04'),
(1640, 0, 'red', 3, 6, 0.40751387361972, '2022-07-04'),
(1641, 0, 'red', 3, 6, -0.3382036091539, '2022-07-04'),
(1642, 0, 'red', 3, 6, 0.79543569125461, '2022-07-04'),
(1643, 0, 'red', 3, 6, 0.40751387361972, '2022-07-04'),
(1644, 0, 'red', 3, 6, 0, '2022-07-04'),
(1645, 0, 'red', 3, 6, 0, '2022-07-04'),
(1646, 0, 'red', 3, 6, 0.56029061840953, '2022-07-04'),
(1647, 0, 'red', 3, 6, 0.034627891630472, '2022-07-04'),
(1648, 0, 'red', 3, 6, -0.45715148732267, '2022-07-04'),
(1649, 0, 'red', 3, 6, 0.034627891630472, '2022-07-04'),
(1650, 0, 'red', 3, 6, 0, '2022-07-04'),
(1651, 0, 'red', 3, 6, 0, '2022-07-04'),
(1652, 0, 'red', 3, 6, 0, '2022-07-04'),
(1653, 0, 'red', 3, 6, 0, '2022-07-04'),
(1654, 0, 'red', 3, 6, 0, '2022-07-04'),
(1655, 0, 'red', 3, 6, 0.70611497840166, '2022-07-04'),
(1656, 0, 'red', 3, 6, -0.38928165850205, '2022-07-04'),
(1657, 0, 'red', 3, 6, -0.87286451065384, '2022-07-04'),
(1658, 0, 'red', 3, 6, -0.38928165850205, '2022-07-04'),
(1659, 0, 'red', 3, 6, 0.40751387361972, '2022-07-04'),
(1660, 0, 'red', 3, 6, 0.79543569125461, '2022-07-04'),
(1661, 0, 'red', 3, 6, 0.40751387361972, '2022-07-04'),
(1662, 0, 'red', 3, 6, -0.3382036091539, '2022-07-04'),
(1663, 0, 'red', 3, 6, 0.79543569125461, '2022-07-04'),
(1664, 0, 'red', 3, 6, 0.40751387361972, '2022-07-04'),
(1665, 0, 'red', 3, 6, 0, '2022-07-04'),
(1666, 0, 'red', 3, 6, 0, '2022-07-04'),
(1667, 0, 'red', 3, 6, 0, '2022-07-04'),
(1668, 0, 'red', 3, 6, 0, '2022-07-04'),
(1669, 0, 'red', 3, 6, 0, '2022-07-04'),
(1670, 0, 'red', 3, 6, 0, '2022-07-04'),
(1671, 0, 'red', 3, 6, 0, '2022-07-04'),
(1672, 0, 'red', 3, 6, 0, '2022-07-04'),
(1673, 0, 'red', 3, 6, 0, '2022-07-04'),
(1674, 0, 'red', 3, 6, 0, '2022-07-04'),
(1675, 0, 'red', 3, 6, 0, '2022-07-04'),
(1676, 0, 'red', 3, 6, 0, '2022-07-04'),
(1677, 0, 'red', 3, 6, 0, '2022-07-04'),
(1678, 0, 'red', 3, 6, 0, '2022-07-04'),
(1679, 0, 'red', 3, 6, 0, '2022-07-04'),
(1680, 0, 'red', 3, 6, 0.86842277525986, '2022-07-04'),
(1681, 0, 'red', 3, 6, -0.98225355108887, '2022-07-04'),
(1682, 0, 'red', 3, 6, 0.10263451833824, '2022-07-04'),
(1683, 0, 'red', 3, 6, -0.98225355108887, '2022-07-04'),
(1684, 0, 'red', 3, 6, 0.038077337753851, '2022-07-04'),
(1685, 0, 'red', 3, 6, 0.20861083613073, '2022-07-04'),
(1686, 0, 'red', 3, 6, 0.038077337753851, '2022-07-04'),
(1687, 0, 'red', 3, 6, -0.55856342600976, '2022-07-04'),
(1688, 0, 'red', 3, 6, 0.20861083613073, '2022-07-04'),
(1689, 0, 'red', 3, 6, 0.038077337753851, '2022-07-04'),
(1690, 0, 'red', 3, 6, 0.43083421648295, '2022-07-04'),
(1691, 0, 'red', 3, 6, 0.95001167589181, '2022-07-04'),
(1692, 0, 'red', 3, 6, 0.43083421648295, '2022-07-04'),
(1693, 0, 'red', 3, 6, 1.5244302577263, '2022-07-04'),
(1694, 0, 'red', 3, 6, 0.95001167589181, '2022-07-04'),
(1695, 0, 'red', 3, 6, 0.43083421648295, '2022-07-04'),
(1696, 0, 'red', 3, 6, -0.28390270548016, '2022-07-04'),
(1697, 0, 'red', 3, 6, 1.5244302577263, '2022-07-04'),
(1698, 0, 'red', 3, 6, 0.95001167589181, '2022-07-04'),
(1699, 0, 'red', 3, 6, 0.43083421648295, '2022-07-04'),
(1700, 0, 'red', 3, 6, 0.25142627248206, '2022-07-04'),
(1701, 0, 'green', 3, 6, 0, '2022-07-04'),
(1702, 0, 'green', 3, 6, 0, '2022-07-04'),
(1703, 0, 'green', 3, 6, 0, '2022-07-04'),
(1704, 0, 'green', 3, 6, 0.0052215868353568, '2022-07-04'),
(1705, 0, 'green', 3, 6, 0.13360071215994, '2022-07-04'),
(1706, 0, 'green', 3, 6, -0.30120675476854, '2022-07-04'),
(1707, 0, 'green', 3, 6, 0.13360071215994, '2022-07-04'),
(1708, 0, 'green', 3, 6, 0, '2022-07-04'),
(1709, 0, 'green', 3, 6, 0, '2022-07-04'),
(1710, 0, 'green', 3, 6, 0.0052215868353568, '2022-07-04'),
(1711, 0, 'green', 3, 6, 0.13360071215994, '2022-07-04'),
(1712, 0, 'green', 3, 6, -0.30120675476854, '2022-07-04'),
(1713, 0, 'green', 3, 6, 0.13360071215994, '2022-07-04'),
(1714, 0, 'green', 3, 6, 0, '2022-07-04'),
(1715, 0, 'green', 3, 6, 0, '2022-07-04'),
(1716, 0, 'green', 3, 6, 0, '2022-07-04'),
(1717, 0, 'green', 3, 6, 0, '2022-07-04'),
(1718, 0, 'green', 3, 6, 0, '2022-07-04'),
(1719, 0, 'green', 3, 6, -0.013661286098375, '2022-07-04'),
(1720, 0, 'green', 3, 6, 0.65302844207195, '2022-07-04'),
(1721, 0, 'green', 3, 6, 0.46659068817357, '2022-07-04'),
(1722, 0, 'green', 3, 6, 0.65302844207195, '2022-07-04'),
(1723, 0, 'green', 3, 6, 0.11171256736173, '2022-07-04'),
(1724, 0, 'green', 3, 6, -0.21983164141224, '2022-07-04'),
(1725, 0, 'green', 3, 6, 0.11171256736173, '2022-07-04'),
(1726, 0, 'green', 3, 6, -0.41663369218005, '2022-07-04'),
(1727, 0, 'green', 3, 6, -0.21983164141224, '2022-07-04'),
(1728, 0, 'green', 3, 6, 0.11171256736173, '2022-07-04'),
(1729, 0, 'green', 3, 6, 0, '2022-07-04'),
(1730, 0, 'green', 3, 6, 0, '2022-07-04'),
(1731, 0, 'green', 3, 6, 0.0052215868353568, '2022-07-04'),
(1732, 0, 'green', 3, 6, 0.13360071215994, '2022-07-04'),
(1733, 0, 'green', 3, 6, -0.30120675476854, '2022-07-04'),
(1734, 0, 'green', 3, 6, 0.13360071215994, '2022-07-04'),
(1735, 0, 'green', 3, 6, 0, '2022-07-04'),
(1736, 0, 'green', 3, 6, 0, '2022-07-04'),
(1737, 0, 'green', 3, 6, 0, '2022-07-04'),
(1738, 0, 'green', 3, 6, 0, '2022-07-04'),
(1739, 0, 'green', 3, 6, 0, '2022-07-04'),
(1740, 0, 'green', 3, 6, -0.013661286098375, '2022-07-04'),
(1741, 0, 'green', 3, 6, 0.65302844207195, '2022-07-04'),
(1742, 0, 'green', 3, 6, 0.46659068817357, '2022-07-04'),
(1743, 0, 'green', 3, 6, 0.65302844207195, '2022-07-04'),
(1744, 0, 'green', 3, 6, 0.11171256736173, '2022-07-04'),
(1745, 0, 'green', 3, 6, -0.21983164141224, '2022-07-04'),
(1746, 0, 'green', 3, 6, 0.11171256736173, '2022-07-04'),
(1747, 0, 'green', 3, 6, -0.41663369218005, '2022-07-04'),
(1748, 0, 'green', 3, 6, -0.21983164141224, '2022-07-04'),
(1749, 0, 'green', 3, 6, 0.11171256736173, '2022-07-04'),
(1750, 0, 'green', 3, 6, 0, '2022-07-04'),
(1751, 0, 'green', 3, 6, 0, '2022-07-04'),
(1752, 0, 'green', 3, 6, 0, '2022-07-04'),
(1753, 0, 'green', 3, 6, 0, '2022-07-04'),
(1754, 0, 'green', 3, 6, 0, '2022-07-04'),
(1755, 0, 'green', 3, 6, 0, '2022-07-04'),
(1756, 0, 'green', 3, 6, 0, '2022-07-04'),
(1757, 0, 'green', 3, 6, 0, '2022-07-04'),
(1758, 0, 'green', 3, 6, 0, '2022-07-04'),
(1759, 0, 'green', 3, 6, 0, '2022-07-04'),
(1760, 0, 'green', 3, 6, 0, '2022-07-04'),
(1761, 0, 'green', 3, 6, 0, '2022-07-04'),
(1762, 0, 'green', 3, 6, 0, '2022-07-04'),
(1763, 0, 'green', 3, 6, 0, '2022-07-04'),
(1764, 0, 'green', 3, 6, 0, '2022-07-04'),
(1765, 0, 'green', 3, 6, -0.07713811785644, '2022-07-04'),
(1766, 0, 'green', 3, 6, 1.3061451064228, '2022-07-04'),
(1767, 0, 'green', 3, 6, 0.64850639329592, '2022-07-04'),
(1768, 0, 'green', 3, 6, 1.3061451064228, '2022-07-04'),
(1769, 0, 'green', 3, 6, 0.27776145796803, '2022-07-04'),
(1770, 0, 'green', 3, 6, -0.0051714160160642, '2022-07-04'),
(1771, 0, 'green', 3, 6, 0.27776145796803, '2022-07-04'),
(1772, 0, 'green', 3, 6, -0.40050564132282, '2022-07-04'),
(1773, 0, 'green', 3, 6, -0.0051714160160642, '2022-07-04'),
(1774, 0, 'green', 3, 6, 0.27776145796803, '2022-07-04'),
(1775, 0, 'green', 3, 6, -0.054563428986529, '2022-07-04'),
(1776, 0, 'green', 3, 6, -0.055863609040576, '2022-07-04'),
(1777, 0, 'green', 3, 6, -0.054563428986529, '2022-07-04'),
(1778, 0, 'green', 3, 6, -0.6652580346597, '2022-07-04'),
(1779, 0, 'green', 3, 6, -0.055863609040576, '2022-07-04'),
(1780, 0, 'green', 3, 6, -0.054563428986529, '2022-07-04'),
(1781, 0, 'green', 3, 6, -0.40578822944433, '2022-07-04'),
(1782, 0, 'green', 3, 6, -0.6652580346597, '2022-07-04'),
(1783, 0, 'green', 3, 6, -0.055863609040575, '2022-07-04'),
(1784, 0, 'green', 3, 6, -0.054563428986529, '2022-07-04'),
(1785, 0, 'green', 3, 6, -0.71292430813164, '2022-07-04'),
(1786, 0, 'blue', 5, 4, 0, '2022-07-04'),
(1787, 0, 'blue', 5, 4, 0, '2022-07-04'),
(1788, 0, 'blue', 5, 4, 0, '2022-07-04'),
(1789, 0, 'blue', 5, 4, -0.96517863084569, '2022-07-04'),
(1790, 0, 'blue', 5, 4, 0.13452002108476, '2022-07-04'),
(1791, 0, 'blue', 5, 4, 0.89530085643435, '2022-07-04'),
(1792, 0, 'blue', 5, 4, 0.13452002108476, '2022-07-04'),
(1793, 0, 'blue', 5, 4, 0, '2022-07-04'),
(1794, 0, 'blue', 5, 4, 0, '2022-07-04'),
(1795, 0, 'blue', 5, 4, -0.96517863084569, '2022-07-04'),
(1796, 0, 'blue', 5, 4, 0.13452002108476, '2022-07-04'),
(1797, 0, 'blue', 5, 4, 0.89530085643435, '2022-07-04'),
(1798, 0, 'blue', 5, 4, 0.13452002108476, '2022-07-04'),
(1799, 0, 'blue', 5, 4, 0, '2022-07-04'),
(1800, 0, 'blue', 5, 4, 0, '2022-07-04'),
(1801, 0, 'blue', 5, 4, 0, '2022-07-04'),
(1802, 0, 'blue', 5, 4, 0, '2022-07-04'),
(1803, 0, 'blue', 5, 4, 0, '2022-07-04'),
(1804, 0, 'blue', 5, 4, -0.59646183272415, '2022-07-04'),
(1805, 0, 'blue', 5, 4, -0.24321252747535, '2022-07-04'),
(1806, 0, 'blue', 5, 4, -0.0049333783164085, '2022-07-04'),
(1807, 0, 'blue', 5, 4, -0.24321252747535, '2022-07-04'),
(1808, 0, 'blue', 5, 4, 0.33250739762175, '2022-07-04'),
(1809, 0, 'blue', 5, 4, 0.42773490907743, '2022-07-04'),
(1810, 0, 'blue', 5, 4, 0.33250739762175, '2022-07-04'),
(1811, 0, 'blue', 5, 4, 1.2834639487728, '2022-07-04'),
(1812, 0, 'blue', 5, 4, 0.42773490907743, '2022-07-04'),
(1813, 0, 'blue', 5, 4, 0.33250739762175, '2022-07-04'),
(1814, 0, 'blue', 5, 4, 0, '2022-07-04'),
(1815, 0, 'blue', 5, 4, 0, '2022-07-04'),
(1816, 0, 'blue', 5, 4, -0.96517863084569, '2022-07-04'),
(1817, 0, 'blue', 5, 4, 0.13452002108476, '2022-07-04'),
(1818, 0, 'blue', 5, 4, 0.89530085643435, '2022-07-04'),
(1819, 0, 'blue', 5, 4, 0.13452002108476, '2022-07-04'),
(1820, 0, 'blue', 5, 4, 0, '2022-07-04'),
(1821, 0, 'blue', 5, 4, 0, '2022-07-04'),
(1822, 0, 'blue', 5, 4, 0, '2022-07-04'),
(1823, 0, 'blue', 5, 4, 0, '2022-07-04'),
(1824, 0, 'blue', 5, 4, 0, '2022-07-04'),
(1825, 0, 'blue', 5, 4, -0.59646183272415, '2022-07-04'),
(1826, 0, 'blue', 5, 4, -0.24321252747535, '2022-07-04'),
(1827, 0, 'blue', 5, 4, -0.0049333783164085, '2022-07-04'),
(1828, 0, 'blue', 5, 4, -0.24321252747535, '2022-07-04'),
(1829, 0, 'blue', 5, 4, 0.33250739762175, '2022-07-04'),
(1830, 0, 'blue', 5, 4, 0.42773490907743, '2022-07-04'),
(1831, 0, 'blue', 5, 4, 0.33250739762175, '2022-07-04'),
(1832, 0, 'blue', 5, 4, 1.2834639487728, '2022-07-04'),
(1833, 0, 'blue', 5, 4, 0.42773490907743, '2022-07-04'),
(1834, 0, 'blue', 5, 4, 0.33250739762175, '2022-07-04'),
(1835, 0, 'blue', 5, 4, 0, '2022-07-04'),
(1836, 0, 'blue', 5, 4, 0, '2022-07-04'),
(1837, 0, 'blue', 5, 4, 0, '2022-07-04'),
(1838, 0, 'blue', 5, 4, 0, '2022-07-04'),
(1839, 0, 'blue', 5, 4, 0, '2022-07-04'),
(1840, 0, 'blue', 5, 4, 0, '2022-07-04'),
(1841, 0, 'blue', 5, 4, 0, '2022-07-04'),
(1842, 0, 'blue', 5, 4, 0, '2022-07-04'),
(1843, 0, 'blue', 5, 4, 0, '2022-07-04'),
(1844, 0, 'blue', 5, 4, 0, '2022-07-04'),
(1845, 0, 'blue', 5, 4, 0, '2022-07-04'),
(1846, 0, 'blue', 5, 4, 0, '2022-07-04'),
(1847, 0, 'blue', 5, 4, 0, '2022-07-04'),
(1848, 0, 'blue', 5, 4, 0, '2022-07-04'),
(1849, 0, 'blue', 5, 4, 0, '2022-07-04'),
(1850, 0, 'blue', 5, 4, -0.3980278882663, '2022-07-04'),
(1851, 0, 'blue', 5, 4, -0.2957261047956, '2022-07-04'),
(1852, 0, 'blue', 5, 4, -1.4566811577511, '2022-07-04'),
(1853, 0, 'blue', 5, 4, -0.2957261047956, '2022-07-04'),
(1854, 0, 'blue', 5, 4, 0.61557852030373, '2022-07-04'),
(1855, 0, 'blue', 5, 4, 0.45733839098278, '2022-07-04'),
(1856, 0, 'blue', 5, 4, 0.61557852030373, '2022-07-04'),
(1857, 0, 'blue', 5, 4, 0.538912850236, '2022-07-04'),
(1858, 0, 'blue', 5, 4, 0.45733839098278, '2022-07-04'),
(1859, 0, 'blue', 5, 4, 0.61557852030373, '2022-07-04'),
(1860, 0, 'blue', 5, 4, 0.44437038437108, '2022-07-04'),
(1861, 0, 'blue', 5, 4, 0.15328022334968, '2022-07-04'),
(1862, 0, 'blue', 5, 4, 0.44437038437108, '2022-07-04'),
(1863, 0, 'blue', 5, 4, 0.3207773513046, '2022-07-04'),
(1864, 0, 'blue', 5, 4, 0.15328022334968, '2022-07-04'),
(1865, 0, 'blue', 5, 4, 0.44437038437108, '2022-07-04'),
(1866, 0, 'blue', 5, 4, 1.1191548927089, '2022-07-04'),
(1867, 0, 'blue', 5, 4, 0.3207773513046, '2022-07-04'),
(1868, 0, 'blue', 5, 4, 0.15328022334968, '2022-07-04'),
(1869, 0, 'blue', 5, 4, 0.44437038437108, '2022-07-04'),
(1870, 0, 'blue', 5, 4, -0.34478705661185, '2022-07-04'),
(1871, 0, 'red', 5, 4, 0, '2022-07-04'),
(1872, 0, 'red', 5, 4, 0, '2022-07-04'),
(1873, 0, 'red', 5, 4, 0, '2022-07-04'),
(1874, 0, 'red', 5, 4, 1.0632306928892, '2022-07-04'),
(1875, 0, 'red', 5, 4, -0.0036285099071096, '2022-07-04'),
(1876, 0, 'red', 5, 4, -1.2397159137738, '2022-07-04'),
(1877, 0, 'red', 5, 4, -0.0036285099071096, '2022-07-04'),
(1878, 0, 'red', 5, 4, 0, '2022-07-04'),
(1879, 0, 'red', 5, 4, 0, '2022-07-04'),
(1880, 0, 'red', 5, 4, 1.0632306928892, '2022-07-04'),
(1881, 0, 'red', 5, 4, -0.0036285099071096, '2022-07-04'),
(1882, 0, 'red', 5, 4, -1.2397159137738, '2022-07-04'),
(1883, 0, 'red', 5, 4, -0.0036285099071096, '2022-07-04'),
(1884, 0, 'red', 5, 4, 0, '2022-07-04'),
(1885, 0, 'red', 5, 4, 0, '2022-07-04'),
(1886, 0, 'red', 5, 4, 0, '2022-07-04'),
(1887, 0, 'red', 5, 4, 0, '2022-07-04'),
(1888, 0, 'red', 5, 4, 0, '2022-07-04'),
(1889, 0, 'red', 5, 4, 0.78697437949847, '2022-07-04'),
(1890, 0, 'red', 5, 4, -0.10489470093646, '2022-07-04'),
(1891, 0, 'red', 5, 4, -0.020792795489144, '2022-07-04'),
(1892, 0, 'red', 5, 4, -0.10489470093646, '2022-07-04'),
(1893, 0, 'red', 5, 4, -0.099149120856598, '2022-07-04'),
(1894, 0, 'red', 5, 4, 0, '2022-07-04'),
(1895, 0, 'red', 5, 4, -0.099149120856598, '2022-07-04'),
(1896, 0, 'red', 5, 4, -1.3110990132941, '2022-07-04'),
(1897, 0, 'red', 5, 4, 0, '2022-07-04'),
(1898, 0, 'red', 5, 4, -0.099149120856598, '2022-07-04'),
(1899, 0, 'red', 5, 4, 0, '2022-07-04'),
(1900, 0, 'red', 5, 4, 0, '2022-07-04'),
(1901, 0, 'red', 5, 4, 1.0632306928892, '2022-07-04'),
(1902, 0, 'red', 5, 4, -0.0036285099071096, '2022-07-04'),
(1903, 0, 'red', 5, 4, -1.2397159137738, '2022-07-04'),
(1904, 0, 'red', 5, 4, -0.0036285099071096, '2022-07-04'),
(1905, 0, 'red', 5, 4, 0, '2022-07-04'),
(1906, 0, 'red', 5, 4, 0, '2022-07-04'),
(1907, 0, 'red', 5, 4, 0, '2022-07-04'),
(1908, 0, 'red', 5, 4, 0, '2022-07-04'),
(1909, 0, 'red', 5, 4, 0, '2022-07-04'),
(1910, 0, 'red', 5, 4, 0.78697437949847, '2022-07-04'),
(1911, 0, 'red', 5, 4, -0.10489470093646, '2022-07-04'),
(1912, 0, 'red', 5, 4, -0.020792795489144, '2022-07-04'),
(1913, 0, 'red', 5, 4, -0.10489470093646, '2022-07-04'),
(1914, 0, 'red', 5, 4, -0.099149120856598, '2022-07-04'),
(1915, 0, 'red', 5, 4, 0, '2022-07-04'),
(1916, 0, 'red', 5, 4, -0.099149120856598, '2022-07-04'),
(1917, 0, 'red', 5, 4, -1.3110990132941, '2022-07-04'),
(1918, 0, 'red', 5, 4, 0, '2022-07-04'),
(1919, 0, 'red', 5, 4, -0.099149120856598, '2022-07-04'),
(1920, 0, 'red', 5, 4, 0, '2022-07-04'),
(1921, 0, 'red', 5, 4, 0, '2022-07-04'),
(1922, 0, 'red', 5, 4, 0, '2022-07-04'),
(1923, 0, 'red', 5, 4, 0, '2022-07-04'),
(1924, 0, 'red', 5, 4, 0, '2022-07-04'),
(1925, 0, 'red', 5, 4, 0, '2022-07-04'),
(1926, 0, 'red', 5, 4, 0, '2022-07-04'),
(1927, 0, 'red', 5, 4, 0, '2022-07-04'),
(1928, 0, 'red', 5, 4, 0, '2022-07-04'),
(1929, 0, 'red', 5, 4, 0, '2022-07-04'),
(1930, 0, 'red', 5, 4, 0, '2022-07-04'),
(1931, 0, 'red', 5, 4, 0, '2022-07-04'),
(1932, 0, 'red', 5, 4, 0, '2022-07-04'),
(1933, 0, 'red', 5, 4, 0, '2022-07-04'),
(1934, 0, 'red', 5, 4, 0, '2022-07-04'),
(1935, 0, 'red', 5, 4, 0.19409989474814, '2022-07-04'),
(1936, 0, 'red', 5, 4, -0.33854050908086, '2022-07-04'),
(1937, 0, 'red', 5, 4, 3.4709574020047, '2022-07-04'),
(1938, 0, 'red', 5, 4, -0.33854050908086, '2022-07-04'),
(1939, 0, 'red', 5, 4, -0.96307475731243, '2022-07-04'),
(1940, 0, 'red', 5, 4, 0.29038506322975, '2022-07-04'),
(1941, 0, 'red', 5, 4, -0.96307475731243, '2022-07-04'),
(1942, 0, 'red', 5, 4, -4.0849706557414, '2022-07-04'),
(1943, 0, 'red', 5, 4, 0.29038506322975, '2022-07-04'),
(1944, 0, 'red', 5, 4, -0.96307475731243, '2022-07-04'),
(1945, 0, 'red', 5, 4, -0.093026516353868, '2022-07-04'),
(1946, 0, 'red', 5, 4, 0, '2022-07-04'),
(1947, 0, 'red', 5, 4, -0.093026516353868, '2022-07-04'),
(1948, 0, 'red', 5, 4, -0.031315302636691, '2022-07-04'),
(1949, 0, 'red', 5, 4, 0, '2022-07-04'),
(1950, 0, 'red', 5, 4, -0.093026516353868, '2022-07-04'),
(1951, 0, 'red', 5, 4, -0.81958710977054, '2022-07-04'),
(1952, 0, 'red', 5, 4, -0.031315302636691, '2022-07-04'),
(1953, 0, 'red', 5, 4, 0, '2022-07-04'),
(1954, 0, 'red', 5, 4, -0.093026516353868, '2022-07-04'),
(1955, 0, 'red', 5, 4, -0.36334481938633, '2022-07-04'),
(1956, 0, 'green', 5, 4, 0, '2022-07-04'),
(1957, 0, 'green', 5, 4, 0, '2022-07-04'),
(1958, 0, 'green', 5, 4, 0, '2022-07-04'),
(1959, 0, 'green', 5, 4, -0.15390281757979, '2022-07-04'),
(1960, 0, 'green', 5, 4, -0.035806350584213, '2022-07-04'),
(1961, 0, 'green', 5, 4, 0.2705147703453, '2022-07-04'),
(1962, 0, 'green', 5, 4, -0.035806350584213, '2022-07-04'),
(1963, 0, 'green', 5, 4, 0, '2022-07-04'),
(1964, 0, 'green', 5, 4, 0, '2022-07-04'),
(1965, 0, 'green', 5, 4, -0.15390281757979, '2022-07-04'),
(1966, 0, 'green', 5, 4, -0.035806350584213, '2022-07-04'),
(1967, 0, 'green', 5, 4, 0.2705147703453, '2022-07-04'),
(1968, 0, 'green', 5, 4, -0.035806350584213, '2022-07-04'),
(1969, 0, 'green', 5, 4, 0, '2022-07-04'),
(1970, 0, 'green', 5, 4, 0, '2022-07-04'),
(1971, 0, 'green', 5, 4, 0, '2022-07-04'),
(1972, 0, 'green', 5, 4, 0, '2022-07-04'),
(1973, 0, 'green', 5, 4, 0, '2022-07-04'),
(1974, 0, 'green', 5, 4, -0.071975164513605, '2022-07-04'),
(1975, 0, 'green', 5, 4, 0.47917717822853, '2022-07-04'),
(1976, 0, 'green', 5, 4, 0.035157138339325, '2022-07-04'),
(1977, 0, 'green', 5, 4, 0.47917717822853, '2022-07-04'),
(1978, 0, 'green', 5, 4, -0.047232744202506, '2022-07-04'),
(1979, 0, 'green', 5, 4, -0.19481272996693, '2022-07-04'),
(1980, 0, 'green', 5, 4, -0.047232744202506, '2022-07-04'),
(1981, 0, 'green', 5, 4, 0.27496766639292, '2022-07-04'),
(1982, 0, 'green', 5, 4, -0.19481272996693, '2022-07-04'),
(1983, 0, 'green', 5, 4, -0.047232744202506, '2022-07-04'),
(1984, 0, 'green', 5, 4, 0, '2022-07-04'),
(1985, 0, 'green', 5, 4, 0, '2022-07-04'),
(1986, 0, 'green', 5, 4, -0.15390281757979, '2022-07-04'),
(1987, 0, 'green', 5, 4, -0.035806350584213, '2022-07-04'),
(1988, 0, 'green', 5, 4, 0.2705147703453, '2022-07-04'),
(1989, 0, 'green', 5, 4, -0.035806350584213, '2022-07-04'),
(1990, 0, 'green', 5, 4, 0, '2022-07-04'),
(1991, 0, 'green', 5, 4, 0, '2022-07-04'),
(1992, 0, 'green', 5, 4, 0, '2022-07-04'),
(1993, 0, 'green', 5, 4, 0, '2022-07-04'),
(1994, 0, 'green', 5, 4, 0, '2022-07-04'),
(1995, 0, 'green', 5, 4, -0.071975164513605, '2022-07-04'),
(1996, 0, 'green', 5, 4, 0.47917717822853, '2022-07-04'),
(1997, 0, 'green', 5, 4, 0.035157138339325, '2022-07-04'),
(1998, 0, 'green', 5, 4, 0.47917717822853, '2022-07-04'),
(1999, 0, 'green', 5, 4, -0.047232744202506, '2022-07-04'),
(2000, 0, 'green', 5, 4, -0.19481272996693, '2022-07-04'),
(2001, 0, 'green', 5, 4, -0.047232744202506, '2022-07-04'),
(2002, 0, 'green', 5, 4, 0.27496766639292, '2022-07-04'),
(2003, 0, 'green', 5, 4, -0.19481272996693, '2022-07-04'),
(2004, 0, 'green', 5, 4, -0.047232744202506, '2022-07-04'),
(2005, 0, 'green', 5, 4, 0, '2022-07-04'),
(2006, 0, 'green', 5, 4, 0, '2022-07-04'),
(2007, 0, 'green', 5, 4, 0, '2022-07-04'),
(2008, 0, 'green', 5, 4, 0, '2022-07-04'),
(2009, 0, 'green', 5, 4, 0, '2022-07-04'),
(2010, 0, 'green', 5, 4, 0, '2022-07-04'),
(2011, 0, 'green', 5, 4, 0, '2022-07-04'),
(2012, 0, 'green', 5, 4, 0, '2022-07-04'),
(2013, 0, 'green', 5, 4, 0, '2022-07-04'),
(2014, 0, 'green', 5, 4, 0, '2022-07-04'),
(2015, 0, 'green', 5, 4, 0, '2022-07-04'),
(2016, 0, 'green', 5, 4, 0, '2022-07-04'),
(2017, 0, 'green', 5, 4, 0, '2022-07-04'),
(2018, 0, 'green', 5, 4, 0, '2022-07-04'),
(2019, 0, 'green', 5, 4, 0, '2022-07-04'),
(2020, 0, 'green', 5, 4, 0.11351583788146, '2022-07-04'),
(2021, 0, 'green', 5, 4, 0.88893887097779, '2022-07-04'),
(2022, 0, 'green', 5, 4, -1.780793802656, '2022-07-04'),
(2023, 0, 'green', 5, 4, 0.88893887097779, '2022-07-04'),
(2024, 0, 'green', 5, 4, 0.30634433559742, '2022-07-04'),
(2025, 0, 'green', 5, 4, -0.63726471562642, '2022-07-04'),
(2026, 0, 'green', 5, 4, 0.30634433559742, '2022-07-04'),
(2027, 0, 'green', 5, 4, 2.1566894366199, '2022-07-04'),
(2028, 0, 'green', 5, 4, -0.63726471562642, '2022-07-04'),
(2029, 0, 'green', 5, 4, 0.30634433559742, '2022-07-04'),
(2030, 0, 'green', 5, 4, -0.16960440064933, '2022-07-04'),
(2031, 0, 'green', 5, 4, -0.10759573237803, '2022-07-04'),
(2032, 0, 'green', 5, 4, -0.16960440064933, '2022-07-04'),
(2033, 0, 'green', 5, 4, -0.11358810381963, '2022-07-04'),
(2034, 0, 'green', 5, 4, -0.10759573237803, '2022-07-04'),
(2035, 0, 'green', 5, 4, -0.16960440064933, '2022-07-04'),
(2036, 0, 'green', 5, 4, 0.049360367729945, '2022-07-04'),
(2037, 0, 'green', 5, 4, -0.11358810381963, '2022-07-04'),
(2038, 0, 'green', 5, 4, -0.10759573237803, '2022-07-04'),
(2039, 0, 'green', 5, 4, -0.16960440064933, '2022-07-04'),
(2040, 0, 'green', 5, 4, 0.70813187599819, '2022-07-04'),
(2041, 0, 'blue', 4, 6, 0, '2022-07-04'),
(2042, 0, 'blue', 4, 6, 0, '2022-07-04'),
(2043, 0, 'blue', 4, 6, 0, '2022-07-04'),
(2044, 0, 'blue', 4, 6, 0, '2022-07-04'),
(2045, 0, 'blue', 4, 6, 0, '2022-07-04'),
(2046, 0, 'blue', 4, 6, 0, '2022-07-04'),
(2047, 0, 'blue', 4, 6, 0, '2022-07-04'),
(2048, 0, 'blue', 4, 6, 0, '2022-07-04'),
(2049, 0, 'blue', 4, 6, 0, '2022-07-04'),
(2050, 0, 'blue', 4, 6, 0, '2022-07-04'),
(2051, 0, 'blue', 4, 6, 0, '2022-07-04'),
(2052, 0, 'blue', 4, 6, 0, '2022-07-04'),
(2053, 0, 'blue', 4, 6, 0, '2022-07-04'),
(2054, 0, 'blue', 4, 6, 0, '2022-07-04'),
(2055, 0, 'blue', 4, 6, 0, '2022-07-04'),
(2056, 0, 'blue', 4, 6, 0, '2022-07-04'),
(2057, 0, 'blue', 4, 6, 0, '2022-07-04'),
(2058, 0, 'blue', 4, 6, 0, '2022-07-04'),
(2059, 0, 'blue', 4, 6, 0.28006133379415, '2022-07-04'),
(2060, 0, 'blue', 4, 6, 0.081869624517255, '2022-07-04'),
(2061, 0, 'blue', 4, 6, 0, '2022-07-04'),
(2062, 0, 'blue', 4, 6, 0.081869624517255, '2022-07-04'),
(2063, 0, 'blue', 4, 6, 0, '2022-07-04'),
(2064, 0, 'blue', 4, 6, 0, '2022-07-04'),
(2065, 0, 'blue', 4, 6, 0, '2022-07-04'),
(2066, 0, 'blue', 4, 6, 0, '2022-07-04'),
(2067, 0, 'blue', 4, 6, 0, '2022-07-04'),
(2068, 0, 'blue', 4, 6, 0, '2022-07-04'),
(2069, 0, 'blue', 4, 6, 0, '2022-07-04'),
(2070, 0, 'blue', 4, 6, 0, '2022-07-04'),
(2071, 0, 'blue', 4, 6, 0, '2022-07-04'),
(2072, 0, 'blue', 4, 6, 0, '2022-07-04'),
(2073, 0, 'blue', 4, 6, 0, '2022-07-04'),
(2074, 0, 'blue', 4, 6, 0, '2022-07-04'),
(2075, 0, 'blue', 4, 6, 0, '2022-07-04'),
(2076, 0, 'blue', 4, 6, 0, '2022-07-04'),
(2077, 0, 'blue', 4, 6, 0, '2022-07-04'),
(2078, 0, 'blue', 4, 6, 0, '2022-07-04'),
(2079, 0, 'blue', 4, 6, 0, '2022-07-04'),
(2080, 0, 'blue', 4, 6, 0.28006133379415, '2022-07-04'),
(2081, 0, 'blue', 4, 6, 0.081869624517255, '2022-07-04'),
(2082, 0, 'blue', 4, 6, 0, '2022-07-04'),
(2083, 0, 'blue', 4, 6, 0.081869624517255, '2022-07-04'),
(2084, 0, 'blue', 4, 6, 0, '2022-07-04'),
(2085, 0, 'blue', 4, 6, 0, '2022-07-04'),
(2086, 0, 'blue', 4, 6, 0, '2022-07-04'),
(2087, 0, 'blue', 4, 6, 0, '2022-07-04'),
(2088, 0, 'blue', 4, 6, 0, '2022-07-04'),
(2089, 0, 'blue', 4, 6, 0, '2022-07-04'),
(2090, 0, 'blue', 4, 6, 0, '2022-07-04'),
(2091, 0, 'blue', 4, 6, 0, '2022-07-04'),
(2092, 0, 'blue', 4, 6, 0, '2022-07-04'),
(2093, 0, 'blue', 4, 6, 0, '2022-07-04'),
(2094, 0, 'blue', 4, 6, 0, '2022-07-04'),
(2095, 0, 'blue', 4, 6, 0, '2022-07-04'),
(2096, 0, 'blue', 4, 6, 0, '2022-07-04'),
(2097, 0, 'blue', 4, 6, 0, '2022-07-04'),
(2098, 0, 'blue', 4, 6, 0, '2022-07-04'),
(2099, 0, 'blue', 4, 6, 0, '2022-07-04'),
(2100, 0, 'blue', 4, 6, 0, '2022-07-04'),
(2101, 0, 'blue', 4, 6, 0, '2022-07-04'),
(2102, 0, 'blue', 4, 6, 0, '2022-07-04'),
(2103, 0, 'blue', 4, 6, 0, '2022-07-04'),
(2104, 0, 'blue', 4, 6, 0, '2022-07-04'),
(2105, 0, 'blue', 4, 6, 0.18582949924972, '2022-07-04'),
(2106, 0, 'blue', 4, 6, 0, '2022-07-04'),
(2107, 0, 'blue', 4, 6, 0.080596535379279, '2022-07-04'),
(2108, 0, 'blue', 4, 6, 0, '2022-07-04'),
(2109, 0, 'blue', 4, 6, 0, '2022-07-04'),
(2110, 0, 'blue', 4, 6, 0, '2022-07-04'),
(2111, 0, 'blue', 4, 6, 0, '2022-07-04'),
(2112, 0, 'blue', 4, 6, -0.48794726634052, '2022-07-04'),
(2113, 0, 'blue', 4, 6, 0, '2022-07-04'),
(2114, 0, 'blue', 4, 6, 0, '2022-07-04'),
(2115, 0, 'blue', 4, 6, 0, '2022-07-04'),
(2116, 0, 'blue', 4, 6, 0, '2022-07-04'),
(2117, 0, 'blue', 4, 6, 0, '2022-07-04'),
(2118, 0, 'blue', 4, 6, 0, '2022-07-04'),
(2119, 0, 'blue', 4, 6, 0, '2022-07-04'),
(2120, 0, 'blue', 4, 6, 0, '2022-07-04'),
(2121, 0, 'blue', 4, 6, 0, '2022-07-04'),
(2122, 0, 'blue', 4, 6, 0, '2022-07-04'),
(2123, 0, 'blue', 4, 6, 0, '2022-07-04'),
(2124, 0, 'blue', 4, 6, 0, '2022-07-04'),
(2125, 0, 'blue', 4, 6, 0.20278390289247, '2022-07-04'),
(2126, 0, 'red', 4, 6, 0, '2022-07-04'),
(2127, 0, 'red', 4, 6, 0, '2022-07-04'),
(2128, 0, 'red', 4, 6, 0, '2022-07-04'),
(2129, 0, 'red', 4, 6, -0.33528455956355, '2022-07-04'),
(2130, 0, 'red', 4, 6, 0, '2022-07-04'),
(2131, 0, 'red', 4, 6, 0.61607926005393, '2022-07-04'),
(2132, 0, 'red', 4, 6, 0, '2022-07-04'),
(2133, 0, 'red', 4, 6, 0, '2022-07-04'),
(2134, 0, 'red', 4, 6, 0, '2022-07-04'),
(2135, 0, 'red', 4, 6, -0.33528455956355, '2022-07-04'),
(2136, 0, 'red', 4, 6, 0, '2022-07-04'),
(2137, 0, 'red', 4, 6, 0.61607926005393, '2022-07-04'),
(2138, 0, 'red', 4, 6, 0, '2022-07-04'),
(2139, 0, 'red', 4, 6, 0, '2022-07-04'),
(2140, 0, 'red', 4, 6, 0, '2022-07-04'),
(2141, 0, 'red', 4, 6, 0, '2022-07-04'),
(2142, 0, 'red', 4, 6, 0, '2022-07-04'),
(2143, 0, 'red', 4, 6, 0, '2022-07-04'),
(2144, 0, 'red', 4, 6, -0.33093716936516, '2022-07-04'),
(2145, 0, 'red', 4, 6, 0, '2022-07-04'),
(2146, 0, 'red', 4, 6, 0, '2022-07-04'),
(2147, 0, 'red', 4, 6, 0, '2022-07-04'),
(2148, 0, 'red', 4, 6, 0, '2022-07-04'),
(2149, 0, 'red', 4, 6, 0, '2022-07-04'),
(2150, 0, 'red', 4, 6, 0, '2022-07-04'),
(2151, 0, 'red', 4, 6, 0.61961163154142, '2022-07-04'),
(2152, 0, 'red', 4, 6, 0, '2022-07-04'),
(2153, 0, 'red', 4, 6, 0, '2022-07-04'),
(2154, 0, 'red', 4, 6, 0, '2022-07-04'),
(2155, 0, 'red', 4, 6, 0, '2022-07-04'),
(2156, 0, 'red', 4, 6, -0.33528455956355, '2022-07-04'),
(2157, 0, 'red', 4, 6, 0, '2022-07-04'),
(2158, 0, 'red', 4, 6, 0.61607926005393, '2022-07-04'),
(2159, 0, 'red', 4, 6, 0, '2022-07-04'),
(2160, 0, 'red', 4, 6, 0, '2022-07-04'),
(2161, 0, 'red', 4, 6, 0, '2022-07-04'),
(2162, 0, 'red', 4, 6, 0, '2022-07-04'),
(2163, 0, 'red', 4, 6, 0, '2022-07-04'),
(2164, 0, 'red', 4, 6, 0, '2022-07-04'),
(2165, 0, 'red', 4, 6, -0.33093716936516, '2022-07-04'),
(2166, 0, 'red', 4, 6, 0, '2022-07-04'),
(2167, 0, 'red', 4, 6, 0, '2022-07-04'),
(2168, 0, 'red', 4, 6, 0, '2022-07-04'),
(2169, 0, 'red', 4, 6, 0, '2022-07-04'),
(2170, 0, 'red', 4, 6, 0, '2022-07-04'),
(2171, 0, 'red', 4, 6, 0, '2022-07-04'),
(2172, 0, 'red', 4, 6, 0.61961163154142, '2022-07-04'),
(2173, 0, 'red', 4, 6, 0, '2022-07-04'),
(2174, 0, 'red', 4, 6, 0, '2022-07-04'),
(2175, 0, 'red', 4, 6, 0, '2022-07-04'),
(2176, 0, 'red', 4, 6, 0, '2022-07-04'),
(2177, 0, 'red', 4, 6, 0, '2022-07-04'),
(2178, 0, 'red', 4, 6, 0, '2022-07-04'),
(2179, 0, 'red', 4, 6, 0, '2022-07-04'),
(2180, 0, 'red', 4, 6, 0, '2022-07-04'),
(2181, 0, 'red', 4, 6, 0, '2022-07-04'),
(2182, 0, 'red', 4, 6, 0, '2022-07-04'),
(2183, 0, 'red', 4, 6, 0, '2022-07-04'),
(2184, 0, 'red', 4, 6, 0, '2022-07-04'),
(2185, 0, 'red', 4, 6, 0, '2022-07-04'),
(2186, 0, 'red', 4, 6, 0, '2022-07-04'),
(2187, 0, 'red', 4, 6, 0, '2022-07-04'),
(2188, 0, 'red', 4, 6, 0, '2022-07-04'),
(2189, 0, 'red', 4, 6, 0, '2022-07-04'),
(2190, 0, 'red', 4, 6, 0, '2022-07-04'),
(2191, 0, 'red', 4, 6, 0, '2022-07-04'),
(2192, 0, 'red', 4, 6, -1.7293080200944, '2022-07-04'),
(2193, 0, 'red', 4, 6, 0, '2022-07-04'),
(2194, 0, 'red', 4, 6, 0, '2022-07-04'),
(2195, 0, 'red', 4, 6, 0, '2022-07-04'),
(2196, 0, 'red', 4, 6, 0, '2022-07-04'),
(2197, 0, 'red', 4, 6, 0.22270551924397, '2022-07-04'),
(2198, 0, 'red', 4, 6, 0, '2022-07-04'),
(2199, 0, 'red', 4, 6, 0, '2022-07-04'),
(2200, 0, 'red', 4, 6, 0, '2022-07-04'),
(2201, 0, 'red', 4, 6, 0, '2022-07-04'),
(2202, 0, 'red', 4, 6, 0, '2022-07-04'),
(2203, 0, 'red', 4, 6, 0, '2022-07-04'),
(2204, 0, 'red', 4, 6, 0, '2022-07-04'),
(2205, 0, 'red', 4, 6, 0, '2022-07-04'),
(2206, 0, 'red', 4, 6, 0.22696083272275, '2022-07-04'),
(2207, 0, 'red', 4, 6, 0, '2022-07-04'),
(2208, 0, 'red', 4, 6, 0, '2022-07-04'),
(2209, 0, 'red', 4, 6, 0, '2022-07-04'),
(2210, 0, 'red', 4, 6, 0.75118853434161, '2022-07-04'),
(2211, 0, 'green', 4, 6, 0, '2022-07-04'),
(2212, 0, 'green', 4, 6, 0, '2022-07-04'),
(2213, 0, 'green', 4, 6, 0, '2022-07-04'),
(2214, 0, 'green', 4, 6, 0, '2022-07-04'),
(2215, 0, 'green', 4, 6, 0, '2022-07-04'),
(2216, 0, 'green', 4, 6, 0, '2022-07-04'),
(2217, 0, 'green', 4, 6, 0, '2022-07-04'),
(2218, 0, 'green', 4, 6, 0, '2022-07-04'),
(2219, 0, 'green', 4, 6, 0, '2022-07-04'),
(2220, 0, 'green', 4, 6, 0, '2022-07-04'),
(2221, 0, 'green', 4, 6, 0, '2022-07-04'),
(2222, 0, 'green', 4, 6, 0, '2022-07-04'),
(2223, 0, 'green', 4, 6, 0, '2022-07-04'),
(2224, 0, 'green', 4, 6, 0, '2022-07-04'),
(2225, 0, 'green', 4, 6, 0, '2022-07-04'),
(2226, 0, 'green', 4, 6, 0, '2022-07-04'),
(2227, 0, 'green', 4, 6, 0, '2022-07-04'),
(2228, 0, 'green', 4, 6, 0, '2022-07-04'),
(2229, 0, 'green', 4, 6, 0, '2022-07-04'),
(2230, 0, 'green', 4, 6, 0, '2022-07-04'),
(2231, 0, 'green', 4, 6, 0, '2022-07-04'),
(2232, 0, 'green', 4, 6, 0, '2022-07-04'),
(2233, 0, 'green', 4, 6, 0, '2022-07-04'),
(2234, 0, 'green', 4, 6, 0, '2022-07-04'),
(2235, 0, 'green', 4, 6, 0, '2022-07-04'),
(2236, 0, 'green', 4, 6, 0, '2022-07-04'),
(2237, 0, 'green', 4, 6, 0, '2022-07-04'),
(2238, 0, 'green', 4, 6, 0, '2022-07-04'),
(2239, 0, 'green', 4, 6, 0, '2022-07-04'),
(2240, 0, 'green', 4, 6, 0, '2022-07-04'),
(2241, 0, 'green', 4, 6, 0, '2022-07-04'),
(2242, 0, 'green', 4, 6, 0, '2022-07-04'),
(2243, 0, 'green', 4, 6, 0, '2022-07-04'),
(2244, 0, 'green', 4, 6, 0, '2022-07-04'),
(2245, 0, 'green', 4, 6, 0, '2022-07-04'),
(2246, 0, 'green', 4, 6, 0, '2022-07-04'),
(2247, 0, 'green', 4, 6, 0, '2022-07-04'),
(2248, 0, 'green', 4, 6, 0, '2022-07-04'),
(2249, 0, 'green', 4, 6, 0, '2022-07-04'),
(2250, 0, 'green', 4, 6, 0, '2022-07-04'),
(2251, 0, 'green', 4, 6, 0, '2022-07-04'),
(2252, 0, 'green', 4, 6, 0, '2022-07-04'),
(2253, 0, 'green', 4, 6, 0, '2022-07-04'),
(2254, 0, 'green', 4, 6, 0, '2022-07-04'),
(2255, 0, 'green', 4, 6, 0, '2022-07-04'),
(2256, 0, 'green', 4, 6, 0, '2022-07-04'),
(2257, 0, 'green', 4, 6, 0, '2022-07-04'),
(2258, 0, 'green', 4, 6, 0, '2022-07-04'),
(2259, 0, 'green', 4, 6, 0, '2022-07-04'),
(2260, 0, 'green', 4, 6, 0, '2022-07-04'),
(2261, 0, 'green', 4, 6, 0, '2022-07-04'),
(2262, 0, 'green', 4, 6, 0, '2022-07-04'),
(2263, 0, 'green', 4, 6, 0, '2022-07-04'),
(2264, 0, 'green', 4, 6, 0, '2022-07-04'),
(2265, 0, 'green', 4, 6, 0, '2022-07-04'),
(2266, 0, 'green', 4, 6, 0, '2022-07-04'),
(2267, 0, 'green', 4, 6, 0, '2022-07-04'),
(2268, 0, 'green', 4, 6, 0, '2022-07-04'),
(2269, 0, 'green', 4, 6, 0, '2022-07-04'),
(2270, 0, 'green', 4, 6, 0, '2022-07-04'),
(2271, 0, 'green', 4, 6, 0, '2022-07-04'),
(2272, 0, 'green', 4, 6, 0, '2022-07-04'),
(2273, 0, 'green', 4, 6, 0, '2022-07-04'),
(2274, 0, 'green', 4, 6, 0, '2022-07-04'),
(2275, 0, 'green', 4, 6, 0, '2022-07-04'),
(2276, 0, 'green', 4, 6, 0, '2022-07-04'),
(2277, 0, 'green', 4, 6, 0, '2022-07-04');
INSERT INTO `lr.coef_` (`lr.coef_id`, `type`, `color`, `left_player`, `right_player`, `data`, `date`) VALUES
(2278, 0, 'green', 4, 6, 0, '2022-07-04'),
(2279, 0, 'green', 4, 6, 0, '2022-07-04'),
(2280, 0, 'green', 4, 6, 0, '2022-07-04'),
(2281, 0, 'green', 4, 6, 0, '2022-07-04'),
(2282, 0, 'green', 4, 6, 0, '2022-07-04'),
(2283, 0, 'green', 4, 6, 0, '2022-07-04'),
(2284, 0, 'green', 4, 6, 0, '2022-07-04'),
(2285, 0, 'green', 4, 6, 0, '2022-07-04'),
(2286, 0, 'green', 4, 6, 0, '2022-07-04'),
(2287, 0, 'green', 4, 6, 0, '2022-07-04'),
(2288, 0, 'green', 4, 6, 0, '2022-07-04'),
(2289, 0, 'green', 4, 6, 0, '2022-07-04'),
(2290, 0, 'green', 4, 6, 0, '2022-07-04'),
(2291, 0, 'green', 4, 6, 0, '2022-07-04'),
(2292, 0, 'green', 4, 6, 0, '2022-07-04'),
(2293, 0, 'green', 4, 6, 0, '2022-07-04'),
(2294, 0, 'green', 4, 6, 0, '2022-07-04'),
(2295, 0, 'green', 4, 6, -0.95397243723407, '2022-07-04'),
(2296, 0, 'blue', 5, 6, 0, '2022-07-04'),
(2297, 0, 'blue', 5, 6, 0, '2022-07-04'),
(2298, 0, 'blue', 5, 6, 0, '2022-07-04'),
(2299, 0, 'blue', 5, 6, -0.65805935552365, '2022-07-04'),
(2300, 0, 'blue', 5, 6, 0, '2022-07-04'),
(2301, 0, 'blue', 5, 6, 0.35001100973521, '2022-07-04'),
(2302, 0, 'blue', 5, 6, 0, '2022-07-04'),
(2303, 0, 'blue', 5, 6, 0, '2022-07-04'),
(2304, 0, 'blue', 5, 6, 0, '2022-07-04'),
(2305, 0, 'blue', 5, 6, -0.65805935552365, '2022-07-04'),
(2306, 0, 'blue', 5, 6, 0, '2022-07-04'),
(2307, 0, 'blue', 5, 6, 0.35001100973521, '2022-07-04'),
(2308, 0, 'blue', 5, 6, 0, '2022-07-04'),
(2309, 0, 'blue', 5, 6, 0, '2022-07-04'),
(2310, 0, 'blue', 5, 6, 0, '2022-07-04'),
(2311, 0, 'blue', 5, 6, 0, '2022-07-04'),
(2312, 0, 'blue', 5, 6, 0, '2022-07-04'),
(2313, 0, 'blue', 5, 6, 0, '2022-07-04'),
(2314, 0, 'blue', 5, 6, -0.59095976752534, '2022-07-04'),
(2315, 0, 'blue', 5, 6, 0, '2022-07-04'),
(2316, 0, 'blue', 5, 6, 0, '2022-07-04'),
(2317, 0, 'blue', 5, 6, 0, '2022-07-04'),
(2318, 0, 'blue', 5, 6, 0, '2022-07-04'),
(2319, 0, 'blue', 5, 6, 0, '2022-07-04'),
(2320, 0, 'blue', 5, 6, 0, '2022-07-04'),
(2321, 0, 'blue', 5, 6, 0, '2022-07-04'),
(2322, 0, 'blue', 5, 6, 0, '2022-07-04'),
(2323, 0, 'blue', 5, 6, 0, '2022-07-04'),
(2324, 0, 'blue', 5, 6, 0, '2022-07-04'),
(2325, 0, 'blue', 5, 6, 0, '2022-07-04'),
(2326, 0, 'blue', 5, 6, -0.65805935552365, '2022-07-04'),
(2327, 0, 'blue', 5, 6, 0, '2022-07-04'),
(2328, 0, 'blue', 5, 6, 0.35001100973521, '2022-07-04'),
(2329, 0, 'blue', 5, 6, 0, '2022-07-04'),
(2330, 0, 'blue', 5, 6, 0, '2022-07-04'),
(2331, 0, 'blue', 5, 6, 0, '2022-07-04'),
(2332, 0, 'blue', 5, 6, 0, '2022-07-04'),
(2333, 0, 'blue', 5, 6, 0, '2022-07-04'),
(2334, 0, 'blue', 5, 6, 0, '2022-07-04'),
(2335, 0, 'blue', 5, 6, -0.59095976752534, '2022-07-04'),
(2336, 0, 'blue', 5, 6, 0, '2022-07-04'),
(2337, 0, 'blue', 5, 6, 0, '2022-07-04'),
(2338, 0, 'blue', 5, 6, 0, '2022-07-04'),
(2339, 0, 'blue', 5, 6, 0, '2022-07-04'),
(2340, 0, 'blue', 5, 6, 0, '2022-07-04'),
(2341, 0, 'blue', 5, 6, 0, '2022-07-04'),
(2342, 0, 'blue', 5, 6, 0, '2022-07-04'),
(2343, 0, 'blue', 5, 6, 0, '2022-07-04'),
(2344, 0, 'blue', 5, 6, 0, '2022-07-04'),
(2345, 0, 'blue', 5, 6, 0, '2022-07-04'),
(2346, 0, 'blue', 5, 6, 0, '2022-07-04'),
(2347, 0, 'blue', 5, 6, 0, '2022-07-04'),
(2348, 0, 'blue', 5, 6, 0, '2022-07-04'),
(2349, 0, 'blue', 5, 6, 0, '2022-07-04'),
(2350, 0, 'blue', 5, 6, 0, '2022-07-04'),
(2351, 0, 'blue', 5, 6, 0, '2022-07-04'),
(2352, 0, 'blue', 5, 6, 0, '2022-07-04'),
(2353, 0, 'blue', 5, 6, 0, '2022-07-04'),
(2354, 0, 'blue', 5, 6, 0, '2022-07-04'),
(2355, 0, 'blue', 5, 6, 0, '2022-07-04'),
(2356, 0, 'blue', 5, 6, 0, '2022-07-04'),
(2357, 0, 'blue', 5, 6, 0, '2022-07-04'),
(2358, 0, 'blue', 5, 6, 0, '2022-07-04'),
(2359, 0, 'blue', 5, 6, 0, '2022-07-04'),
(2360, 0, 'blue', 5, 6, -0.011482926166464, '2022-07-04'),
(2361, 0, 'blue', 5, 6, 0, '2022-07-04'),
(2362, 0, 'blue', 5, 6, -1.1308340263242, '2022-07-04'),
(2363, 0, 'blue', 5, 6, 0, '2022-07-04'),
(2364, 0, 'blue', 5, 6, 0, '2022-07-04'),
(2365, 0, 'blue', 5, 6, 0, '2022-07-04'),
(2366, 0, 'blue', 5, 6, 0, '2022-07-04'),
(2367, 0, 'blue', 5, 6, 0, '2022-07-04'),
(2368, 0, 'blue', 5, 6, 0, '2022-07-04'),
(2369, 0, 'blue', 5, 6, 0, '2022-07-04'),
(2370, 0, 'blue', 5, 6, 0, '2022-07-04'),
(2371, 0, 'blue', 5, 6, 0, '2022-07-04'),
(2372, 0, 'blue', 5, 6, 0, '2022-07-04'),
(2373, 0, 'blue', 5, 6, 0, '2022-07-04'),
(2374, 0, 'blue', 5, 6, 0, '2022-07-04'),
(2375, 0, 'blue', 5, 6, 0, '2022-07-04'),
(2376, 0, 'blue', 5, 6, 0, '2022-07-04'),
(2377, 0, 'blue', 5, 6, 0, '2022-07-04'),
(2378, 0, 'blue', 5, 6, 0, '2022-07-04'),
(2379, 0, 'blue', 5, 6, 0, '2022-07-04'),
(2380, 0, 'blue', 5, 6, 1.832767305027, '2022-07-04'),
(2381, 0, 'red', 5, 6, 0, '2022-07-04'),
(2382, 0, 'red', 5, 6, 0, '2022-07-04'),
(2383, 0, 'red', 5, 6, 0, '2022-07-04'),
(2384, 0, 'red', 5, 6, 0.20146721621263, '2022-07-04'),
(2385, 0, 'red', 5, 6, 0, '2022-07-04'),
(2386, 0, 'red', 5, 6, 0, '2022-07-04'),
(2387, 0, 'red', 5, 6, 0, '2022-07-04'),
(2388, 0, 'red', 5, 6, 0, '2022-07-04'),
(2389, 0, 'red', 5, 6, 0, '2022-07-04'),
(2390, 0, 'red', 5, 6, 0.20146721621263, '2022-07-04'),
(2391, 0, 'red', 5, 6, 0, '2022-07-04'),
(2392, 0, 'red', 5, 6, 0, '2022-07-04'),
(2393, 0, 'red', 5, 6, 0, '2022-07-04'),
(2394, 0, 'red', 5, 6, 0, '2022-07-04'),
(2395, 0, 'red', 5, 6, 0, '2022-07-04'),
(2396, 0, 'red', 5, 6, 0, '2022-07-04'),
(2397, 0, 'red', 5, 6, 0, '2022-07-04'),
(2398, 0, 'red', 5, 6, 0, '2022-07-04'),
(2399, 0, 'red', 5, 6, 0.85741673096568, '2022-07-04'),
(2400, 0, 'red', 5, 6, 0, '2022-07-04'),
(2401, 0, 'red', 5, 6, 0, '2022-07-04'),
(2402, 0, 'red', 5, 6, 0, '2022-07-04'),
(2403, 0, 'red', 5, 6, 0, '2022-07-04'),
(2404, 0, 'red', 5, 6, 0, '2022-07-04'),
(2405, 0, 'red', 5, 6, 0, '2022-07-04'),
(2406, 0, 'red', 5, 6, 0, '2022-07-04'),
(2407, 0, 'red', 5, 6, 0, '2022-07-04'),
(2408, 0, 'red', 5, 6, 0, '2022-07-04'),
(2409, 0, 'red', 5, 6, 0, '2022-07-04'),
(2410, 0, 'red', 5, 6, 0, '2022-07-04'),
(2411, 0, 'red', 5, 6, 0.20146721621263, '2022-07-04'),
(2412, 0, 'red', 5, 6, 0, '2022-07-04'),
(2413, 0, 'red', 5, 6, 0, '2022-07-04'),
(2414, 0, 'red', 5, 6, 0, '2022-07-04'),
(2415, 0, 'red', 5, 6, 0, '2022-07-04'),
(2416, 0, 'red', 5, 6, 0, '2022-07-04'),
(2417, 0, 'red', 5, 6, 0, '2022-07-04'),
(2418, 0, 'red', 5, 6, 0, '2022-07-04'),
(2419, 0, 'red', 5, 6, 0, '2022-07-04'),
(2420, 0, 'red', 5, 6, 0.85741673096568, '2022-07-04'),
(2421, 0, 'red', 5, 6, 0, '2022-07-04'),
(2422, 0, 'red', 5, 6, 0, '2022-07-04'),
(2423, 0, 'red', 5, 6, 0, '2022-07-04'),
(2424, 0, 'red', 5, 6, 0, '2022-07-04'),
(2425, 0, 'red', 5, 6, 0, '2022-07-04'),
(2426, 0, 'red', 5, 6, 0, '2022-07-04'),
(2427, 0, 'red', 5, 6, 0, '2022-07-04'),
(2428, 0, 'red', 5, 6, 0, '2022-07-04'),
(2429, 0, 'red', 5, 6, 0, '2022-07-04'),
(2430, 0, 'red', 5, 6, 0, '2022-07-04'),
(2431, 0, 'red', 5, 6, 0, '2022-07-04'),
(2432, 0, 'red', 5, 6, 0, '2022-07-04'),
(2433, 0, 'red', 5, 6, 0, '2022-07-04'),
(2434, 0, 'red', 5, 6, 0, '2022-07-04'),
(2435, 0, 'red', 5, 6, 0, '2022-07-04'),
(2436, 0, 'red', 5, 6, 0, '2022-07-04'),
(2437, 0, 'red', 5, 6, 0, '2022-07-04'),
(2438, 0, 'red', 5, 6, 0, '2022-07-04'),
(2439, 0, 'red', 5, 6, 0, '2022-07-04'),
(2440, 0, 'red', 5, 6, 0, '2022-07-04'),
(2441, 0, 'red', 5, 6, 0, '2022-07-04'),
(2442, 0, 'red', 5, 6, 0, '2022-07-04'),
(2443, 0, 'red', 5, 6, 0, '2022-07-04'),
(2444, 0, 'red', 5, 6, 0, '2022-07-04'),
(2445, 0, 'red', 5, 6, 0.87128259705036, '2022-07-04'),
(2446, 0, 'red', 5, 6, 0, '2022-07-04'),
(2447, 0, 'red', 5, 6, 0, '2022-07-04'),
(2448, 0, 'red', 5, 6, 0, '2022-07-04'),
(2449, 0, 'red', 5, 6, 0, '2022-07-04'),
(2450, 0, 'red', 5, 6, 0, '2022-07-04'),
(2451, 0, 'red', 5, 6, 0, '2022-07-04'),
(2452, 0, 'red', 5, 6, 0, '2022-07-04'),
(2453, 0, 'red', 5, 6, 0, '2022-07-04'),
(2454, 0, 'red', 5, 6, 0, '2022-07-04'),
(2455, 0, 'red', 5, 6, 0, '2022-07-04'),
(2456, 0, 'red', 5, 6, 0, '2022-07-04'),
(2457, 0, 'red', 5, 6, 0, '2022-07-04'),
(2458, 0, 'red', 5, 6, 0, '2022-07-04'),
(2459, 0, 'red', 5, 6, 0, '2022-07-04'),
(2460, 0, 'red', 5, 6, 0, '2022-07-04'),
(2461, 0, 'red', 5, 6, 0, '2022-07-04'),
(2462, 0, 'red', 5, 6, 0, '2022-07-04'),
(2463, 0, 'red', 5, 6, 0, '2022-07-04'),
(2464, 0, 'red', 5, 6, 0, '2022-07-04'),
(2465, 0, 'red', 5, 6, -1.562686212806, '2022-07-04'),
(2466, 0, 'green', 5, 6, 0, '2022-07-04'),
(2467, 0, 'green', 5, 6, 0, '2022-07-04'),
(2468, 0, 'green', 5, 6, 0, '2022-07-04'),
(2469, 0, 'green', 5, 6, 0, '2022-07-04'),
(2470, 0, 'green', 5, 6, -0.11786344929714, '2022-07-04'),
(2471, 0, 'green', 5, 6, 0, '2022-07-04'),
(2472, 0, 'green', 5, 6, -0.11786344929714, '2022-07-04'),
(2473, 0, 'green', 5, 6, 0, '2022-07-04'),
(2474, 0, 'green', 5, 6, 0, '2022-07-04'),
(2475, 0, 'green', 5, 6, 0, '2022-07-04'),
(2476, 0, 'green', 5, 6, -0.11786344929714, '2022-07-04'),
(2477, 0, 'green', 5, 6, 0, '2022-07-04'),
(2478, 0, 'green', 5, 6, -0.11786344929714, '2022-07-04'),
(2479, 0, 'green', 5, 6, 0, '2022-07-04'),
(2480, 0, 'green', 5, 6, 0, '2022-07-04'),
(2481, 0, 'green', 5, 6, 0, '2022-07-04'),
(2482, 0, 'green', 5, 6, 0, '2022-07-04'),
(2483, 0, 'green', 5, 6, 0, '2022-07-04'),
(2484, 0, 'green', 5, 6, 0, '2022-07-04'),
(2485, 0, 'green', 5, 6, 0, '2022-07-04'),
(2486, 0, 'green', 5, 6, 0, '2022-07-04'),
(2487, 0, 'green', 5, 6, 0, '2022-07-04'),
(2488, 0, 'green', 5, 6, 0, '2022-07-04'),
(2489, 0, 'green', 5, 6, 0, '2022-07-04'),
(2490, 0, 'green', 5, 6, 0, '2022-07-04'),
(2491, 0, 'green', 5, 6, 0, '2022-07-04'),
(2492, 0, 'green', 5, 6, 0, '2022-07-04'),
(2493, 0, 'green', 5, 6, 0, '2022-07-04'),
(2494, 0, 'green', 5, 6, 0, '2022-07-04'),
(2495, 0, 'green', 5, 6, 0, '2022-07-04'),
(2496, 0, 'green', 5, 6, 0, '2022-07-04'),
(2497, 0, 'green', 5, 6, -0.11786344929714, '2022-07-04'),
(2498, 0, 'green', 5, 6, 0, '2022-07-04'),
(2499, 0, 'green', 5, 6, -0.11786344929714, '2022-07-04'),
(2500, 0, 'green', 5, 6, 0, '2022-07-04'),
(2501, 0, 'green', 5, 6, 0, '2022-07-04'),
(2502, 0, 'green', 5, 6, 0, '2022-07-04'),
(2503, 0, 'green', 5, 6, 0, '2022-07-04'),
(2504, 0, 'green', 5, 6, 0, '2022-07-04'),
(2505, 0, 'green', 5, 6, 0, '2022-07-04'),
(2506, 0, 'green', 5, 6, 0, '2022-07-04'),
(2507, 0, 'green', 5, 6, 0, '2022-07-04'),
(2508, 0, 'green', 5, 6, 0, '2022-07-04'),
(2509, 0, 'green', 5, 6, 0, '2022-07-04'),
(2510, 0, 'green', 5, 6, 0, '2022-07-04'),
(2511, 0, 'green', 5, 6, 0, '2022-07-04'),
(2512, 0, 'green', 5, 6, 0, '2022-07-04'),
(2513, 0, 'green', 5, 6, 0, '2022-07-04'),
(2514, 0, 'green', 5, 6, 0, '2022-07-04'),
(2515, 0, 'green', 5, 6, 0, '2022-07-04'),
(2516, 0, 'green', 5, 6, 0, '2022-07-04'),
(2517, 0, 'green', 5, 6, 0, '2022-07-04'),
(2518, 0, 'green', 5, 6, 0, '2022-07-04'),
(2519, 0, 'green', 5, 6, 0, '2022-07-04'),
(2520, 0, 'green', 5, 6, 0, '2022-07-04'),
(2521, 0, 'green', 5, 6, 0, '2022-07-04'),
(2522, 0, 'green', 5, 6, 0, '2022-07-04'),
(2523, 0, 'green', 5, 6, 0, '2022-07-04'),
(2524, 0, 'green', 5, 6, 0, '2022-07-04'),
(2525, 0, 'green', 5, 6, 0, '2022-07-04'),
(2526, 0, 'green', 5, 6, 0, '2022-07-04'),
(2527, 0, 'green', 5, 6, 0, '2022-07-04'),
(2528, 0, 'green', 5, 6, 0, '2022-07-04'),
(2529, 0, 'green', 5, 6, 0, '2022-07-04'),
(2530, 0, 'green', 5, 6, 0, '2022-07-04'),
(2531, 0, 'green', 5, 6, 0, '2022-07-04'),
(2532, 0, 'green', 5, 6, 0, '2022-07-04'),
(2533, 0, 'green', 5, 6, 0, '2022-07-04'),
(2534, 0, 'green', 5, 6, 0, '2022-07-04'),
(2535, 0, 'green', 5, 6, 0, '2022-07-04'),
(2536, 0, 'green', 5, 6, 0, '2022-07-04'),
(2537, 0, 'green', 5, 6, 0, '2022-07-04'),
(2538, 0, 'green', 5, 6, 0, '2022-07-04'),
(2539, 0, 'green', 5, 6, 0, '2022-07-04'),
(2540, 0, 'green', 5, 6, 0, '2022-07-04'),
(2541, 0, 'green', 5, 6, 0, '2022-07-04'),
(2542, 0, 'green', 5, 6, 0, '2022-07-04'),
(2543, 0, 'green', 5, 6, 0, '2022-07-04'),
(2544, 0, 'green', 5, 6, 0, '2022-07-04'),
(2545, 0, 'green', 5, 6, 0, '2022-07-04'),
(2546, 0, 'green', 5, 6, 0, '2022-07-04'),
(2547, 0, 'green', 5, 6, 0, '2022-07-04'),
(2548, 0, 'green', 5, 6, 0, '2022-07-04'),
(2549, 0, 'green', 5, 6, 0, '2022-07-04'),
(2550, 0, 'green', 5, 6, -0.270081092221, '2022-07-04');

-- --------------------------------------------------------

--
-- テーブルの構造 `movie`
--

CREATE TABLE `movie` (
  `movie_id` int(11) NOT NULL,
  `movie_categorize` int(11) NOT NULL,
  `stop_time` int(11) NOT NULL,
  `movie_path` text COLLATE utf8_bin NOT NULL,
  `left_player_id` int(11) NOT NULL,
  `right_player_id` int(11) NOT NULL,
  `left_player_x` float NOT NULL,
  `left_player_y` float NOT NULL,
  `right_player_x` float NOT NULL,
  `right_player_y` float NOT NULL
) ENGINE=InnoDB DEFAULT CHARSET=utf8 COLLATE=utf8_bin;

--
-- テーブルのデータのダンプ `movie`
--

INSERT INTO `movie` (`movie_id`, `movie_categorize`, `stop_time`, `movie_path`, `left_player_id`, `right_player_id`, `left_player_x`, `left_player_y`, `right_player_x`, `right_player_y`) VALUES
(1, 1, 3, '\"C:\\Desktop\\OMIAI\\movie\\anzai_hinata\\usiro\\補正後\\220614_01.MP4\"', 1, 3, 5, 5, 6, 6),
(2, 1, 5, '\"C:\\Desktop\\OMIAI\\movie\\anzai_hinata\\usiro\\補正後\\220614_01.MP4\"', 1, 3, 5, 5, 6, 6),
(3, 2, 3, '\"C:\\Desktop\\OMIAI\\movie\\anzai_hinata\\usiro\\補正後\\220614_01.MP4\"', 2, 4, 6, 6, 7, 7),
(4, 2, 5, '\"C:\\Desktop\\OMIAI\\movie\\anzai_hinata\\usiro\\補正後\\220614_01.MP4\"', 2, 4, 6, 6, 7, 7),
(5, 3, 3, '\"C:\\Desktop\\OMIAI\\movie\\anzai_hinata\\usiro\\補正後\\220614_01.MP4\"', 3, 5, 2, 2, 4, 4),
(6, 3, 6, '\"C:\\Desktop\\OMIAI\\movie\\anzai_hinata\\usiro\\補正後\\220614_01.MP4\"', 3, 5, 2, 2, 4, 4);

-- --------------------------------------------------------

--
-- テーブルの構造 `player`
--

CREATE TABLE `player` (
  `player_id` int(11) NOT NULL,
  `name` text COLLATE utf8_bin NOT NULL
) ENGINE=InnoDB DEFAULT CHARSET=utf8 COLLATE=utf8_bin;

--
-- テーブルのデータのダンプ `player`
--

INSERT INTO `player` (`player_id`, `name`) VALUES
(1, 'ichiro'),
(2, 'anzai'),
(3, 'hinata'),
(4, 'kento'),
(5, 'riku'),
(6, 'keisuke');

-- --------------------------------------------------------

--
-- テーブルの構造 `register`
--

CREATE TABLE `register` (
  `register_id` int(11) NOT NULL,
  `experience_years` int(11) NOT NULL,
  `Sub_Ob` int(11) NOT NULL,
  `rotation` int(11) NOT NULL,
  `player_id` int(11) NOT NULL,
  `x_coordinate` int(11) NOT NULL,
  `y_coordinate` int(11) NOT NULL
) ENGINE=InnoDB DEFAULT CHARSET=utf8 COLLATE=utf8_bin;

--
-- テーブルのデータのダンプ `register`
--

INSERT INTO `register` (`register_id`, `experience_years`, `Sub_Ob`, `rotation`, `player_id`, `x_coordinate`, `y_coordinate`) VALUES
(1, 3, 2, 1, 1, 30, 10),
(2, 3, 2, 1, 2, 100, 70),
(3, 3, 2, 1, 3, 200, 70),
(4, 3, 2, 1, 4, 300, 70),
(5, 3, 2, 1, 5, 150, 250),
(6, 3, 2, 1, 6, 250, 250),
(7, 4, 2, 1, 1, 30, 10),
(8, 4, 2, 1, 2, 120, 80),
(9, 4, 2, 1, 3, 220, 75),
(10, 4, 2, 1, 4, 380, 60),
(11, 4, 2, 1, 5, 160, 270),
(12, 4, 2, 1, 6, 240, 220),
(13, 1, 2, 1, 1, 30, 10),
(14, 1, 2, 1, 2, 90, 75),
(15, 1, 2, 1, 3, 240, 60),
(16, 1, 2, 1, 4, 290, 72),
(17, 1, 2, 1, 5, 140, 300),
(18, 1, 2, 1, 6, 220, 230),
(19, 2, 2, 1, 1, 30, 10),
(20, 2, 2, 1, 2, 116, 65),
(21, 2, 2, 1, 3, 215, 75),
(22, 2, 2, 1, 4, 310, 80),
(23, 2, 2, 1, 5, 155, 240),
(24, 2, 2, 1, 6, 275, 265),
(25, 3, 2, 1, 1, 30, 10),
(26, 3, 2, 1, 2, 110, 75),
(27, 3, 2, 1, 3, 210, 70),
(28, 3, 2, 1, 4, 310, 75),
(29, 3, 2, 1, 5, 140, 240),
(30, 3, 2, 1, 6, 260, 250),
(31, 4, 2, 1, 1, 30, 10),
(32, 4, 2, 1, 2, 120, 80),
(33, 4, 2, 1, 3, 200, 75),
(34, 4, 2, 1, 4, 280, 60),
(35, 4, 2, 1, 5, 160, 270),
(36, 4, 2, 1, 6, 240, 220),
(37, 1, 2, 1, 1, 30, 10),
(38, 1, 2, 1, 2, 90, 75),
(39, 1, 2, 1, 3, 240, 60),
(40, 1, 2, 1, 4, 290, 72),
(41, 1, 2, 1, 5, 140, 300),
(42, 1, 2, 1, 6, 220, 230),
(43, 2, 2, 1, 1, 30, 10),
(44, 2, 2, 1, 2, 110, 75),
(45, 2, 2, 1, 3, 200, 75),
(46, 2, 2, 1, 4, 300, 80),
(47, 2, 2, 1, 5, 160, 240),
(48, 2, 2, 1, 6, 280, 260),
(49, 3, 3, 1, 1, 30, 10),
(50, 3, 3, 1, 2, 90, 70),
(51, 3, 3, 1, 3, 190, 70),
(52, 3, 3, 1, 4, 320, 70),
(53, 3, 3, 1, 5, 100, 250),
(54, 3, 3, 1, 6, 270, 250),
(55, 4, 3, 1, 1, 30, 10),
(56, 4, 3, 1, 2, 120, 80),
(57, 4, 3, 1, 3, 220, 75),
(58, 4, 3, 1, 4, 380, 60),
(59, 4, 3, 1, 5, 160, 270),
(60, 4, 3, 1, 6, 240, 220),
(61, 1, 3, 1, 1, 30, 10),
(62, 1, 3, 1, 2, 100, 80),
(63, 1, 3, 1, 3, 260, 45),
(64, 1, 3, 1, 4, 300, 80),
(65, 1, 3, 1, 5, 160, 310),
(66, 1, 3, 1, 6, 270, 260),
(67, 2, 3, 1, 1, 30, 10),
(68, 2, 3, 1, 2, 120, 70),
(69, 2, 3, 1, 3, 230, 80),
(70, 2, 3, 1, 4, 290, 65),
(71, 2, 3, 1, 5, 140, 230),
(72, 2, 3, 1, 6, 260, 270),
(73, 3, 3, 1, 1, 30, 10),
(74, 3, 3, 1, 2, 120, 80),
(75, 3, 3, 1, 3, 200, 70),
(76, 3, 3, 1, 4, 300, 75),
(77, 3, 3, 1, 5, 150, 230),
(78, 3, 3, 1, 6, 250, 220),
(79, 4, 3, 1, 1, 30, 10),
(80, 4, 3, 1, 2, 150, 80),
(81, 4, 3, 1, 3, 230, 73),
(82, 4, 3, 1, 4, 250, 40),
(83, 4, 3, 1, 5, 100, 250),
(84, 4, 3, 1, 6, 230, 230),
(85, 1, 3, 1, 1, 30, 10),
(86, 1, 3, 1, 2, 100, 75),
(87, 1, 3, 1, 3, 200, 60),
(88, 1, 3, 1, 4, 250, 75),
(89, 1, 3, 1, 5, 150, 280),
(90, 1, 3, 1, 6, 220, 235),
(91, 2, 3, 1, 1, 30, 10),
(92, 2, 3, 1, 2, 130, 75),
(93, 2, 3, 1, 3, 190, 75),
(94, 2, 3, 1, 4, 270, 65),
(95, 2, 3, 1, 5, 170, 245),
(96, 2, 3, 1, 6, 280, 255),
(97, 3, 2, 2, 1, 30, 10),
(98, 3, 2, 2, 2, 100, 70),
(99, 3, 2, 2, 3, 200, 70),
(100, 3, 2, 2, 4, 300, 70),
(101, 3, 2, 2, 5, 150, 250),
(102, 3, 2, 2, 6, 250, 250),
(103, 4, 2, 2, 1, 30, 10),
(104, 4, 2, 2, 2, 120, 80),
(105, 4, 2, 2, 3, 220, 75),
(106, 4, 2, 2, 4, 380, 60),
(107, 4, 2, 2, 5, 160, 270),
(108, 4, 2, 2, 6, 240, 220),
(109, 1, 2, 2, 1, 30, 10),
(110, 1, 2, 2, 2, 90, 75),
(111, 1, 2, 2, 3, 240, 60),
(112, 1, 2, 2, 4, 290, 72),
(113, 1, 2, 2, 5, 140, 300),
(114, 1, 2, 2, 6, 220, 230),
(115, 2, 2, 2, 1, 30, 10),
(116, 2, 2, 2, 2, 116, 65),
(117, 2, 2, 2, 3, 215, 75),
(118, 2, 2, 2, 4, 310, 80),
(119, 2, 2, 2, 5, 155, 240),
(120, 2, 2, 2, 6, 275, 265),
(121, 3, 2, 2, 1, 30, 10),
(122, 3, 2, 2, 2, 110, 75),
(123, 3, 2, 2, 3, 210, 70),
(124, 3, 2, 2, 4, 310, 75),
(125, 3, 2, 2, 5, 140, 240),
(126, 3, 2, 2, 6, 260, 250),
(127, 4, 2, 2, 1, 30, 10),
(128, 4, 2, 2, 2, 120, 80),
(129, 4, 2, 2, 3, 200, 75),
(130, 4, 2, 2, 4, 280, 60),
(131, 4, 2, 2, 5, 160, 270),
(132, 4, 2, 2, 6, 240, 220),
(133, 1, 2, 2, 1, 30, 10),
(134, 1, 2, 2, 2, 90, 75),
(135, 1, 2, 2, 3, 240, 60),
(136, 1, 2, 2, 4, 290, 72),
(137, 1, 2, 2, 5, 140, 300),
(138, 1, 2, 2, 6, 220, 230),
(139, 2, 2, 2, 1, 30, 10),
(140, 2, 2, 2, 2, 110, 75),
(141, 2, 2, 2, 3, 200, 75),
(142, 2, 2, 2, 4, 300, 80),
(143, 2, 2, 2, 5, 160, 240),
(144, 2, 2, 2, 6, 280, 260),
(145, 3, 3, 2, 1, 30, 10),
(146, 3, 3, 2, 2, 90, 70),
(147, 3, 3, 2, 3, 190, 70),
(148, 3, 3, 2, 4, 320, 70),
(149, 3, 3, 2, 5, 100, 250),
(150, 3, 3, 2, 6, 270, 250),
(151, 4, 3, 2, 1, 30, 10),
(152, 4, 3, 2, 2, 120, 80),
(153, 4, 3, 2, 3, 220, 75),
(154, 4, 3, 2, 4, 380, 60),
(155, 4, 3, 2, 5, 160, 270),
(156, 4, 3, 2, 6, 240, 220),
(157, 1, 3, 2, 1, 30, 10),
(158, 1, 3, 2, 2, 100, 80),
(159, 1, 3, 2, 3, 260, 45),
(160, 1, 3, 2, 4, 300, 80),
(161, 1, 3, 2, 5, 160, 310),
(162, 1, 3, 2, 6, 270, 260),
(163, 2, 3, 2, 1, 30, 10),
(164, 2, 3, 2, 2, 120, 70),
(165, 2, 3, 2, 3, 230, 80),
(166, 2, 3, 2, 4, 290, 65),
(167, 2, 3, 2, 5, 140, 230),
(168, 2, 3, 2, 6, 260, 270),
(169, 3, 3, 2, 1, 30, 10),
(170, 3, 3, 2, 2, 120, 80),
(171, 3, 3, 2, 3, 200, 70),
(172, 3, 3, 2, 4, 300, 75),
(173, 3, 3, 2, 5, 150, 230),
(174, 3, 3, 2, 6, 250, 220),
(175, 4, 3, 2, 1, 30, 10),
(176, 4, 3, 2, 2, 150, 80),
(177, 4, 3, 2, 3, 230, 73),
(178, 4, 3, 2, 4, 250, 40),
(179, 4, 3, 2, 5, 100, 250),
(180, 4, 3, 2, 6, 230, 230),
(181, 1, 3, 2, 1, 30, 10),
(182, 1, 3, 2, 2, 100, 75),
(183, 1, 3, 2, 3, 200, 60),
(184, 1, 3, 2, 4, 250, 75),
(185, 1, 3, 2, 5, 150, 280),
(186, 1, 3, 2, 6, 220, 235),
(187, 2, 3, 2, 1, 30, 10),
(188, 2, 3, 2, 2, 130, 75),
(189, 2, 3, 2, 3, 190, 75),
(190, 2, 3, 2, 4, 270, 65),
(191, 2, 3, 2, 5, 170, 245),
(192, 2, 3, 2, 6, 280, 255),
(193, 3, 2, 3, 1, 30, 10),
(194, 3, 2, 3, 2, 100, 70),
(195, 3, 2, 3, 3, 200, 70),
(196, 3, 2, 3, 4, 300, 70),
(197, 3, 2, 3, 5, 150, 250),
(198, 3, 2, 3, 6, 250, 250),
(199, 4, 2, 3, 1, 30, 10),
(200, 4, 2, 3, 2, 120, 80),
(201, 4, 2, 3, 3, 220, 75),
(202, 4, 2, 3, 4, 380, 60),
(203, 4, 2, 3, 5, 160, 270),
(204, 4, 2, 3, 6, 240, 220),
(205, 1, 2, 3, 1, 30, 10),
(206, 1, 2, 3, 2, 90, 75),
(207, 1, 2, 3, 3, 240, 60),
(208, 1, 2, 3, 4, 290, 72),
(209, 1, 2, 3, 5, 140, 300),
(210, 1, 2, 3, 6, 220, 230),
(211, 2, 2, 3, 1, 30, 10),
(212, 2, 2, 3, 2, 116, 65),
(213, 2, 2, 3, 3, 215, 75),
(214, 2, 2, 3, 4, 310, 80),
(215, 2, 2, 3, 5, 155, 240),
(216, 2, 2, 3, 6, 275, 265),
(217, 3, 2, 3, 1, 30, 10),
(218, 3, 2, 3, 2, 110, 75),
(219, 3, 2, 3, 3, 210, 70),
(220, 3, 2, 3, 4, 310, 75),
(221, 3, 2, 3, 5, 140, 240),
(222, 3, 2, 3, 6, 260, 250),
(223, 4, 2, 3, 1, 30, 10),
(224, 4, 2, 3, 2, 120, 80),
(225, 4, 2, 3, 3, 200, 75),
(226, 4, 2, 3, 4, 280, 60),
(227, 4, 2, 3, 5, 160, 270),
(228, 4, 2, 3, 6, 240, 220),
(229, 1, 2, 3, 1, 30, 10),
(230, 1, 2, 3, 2, 90, 75),
(231, 1, 2, 3, 3, 240, 60),
(232, 1, 2, 3, 4, 290, 72),
(233, 1, 2, 3, 5, 140, 300),
(234, 1, 2, 3, 6, 220, 230),
(235, 2, 2, 3, 1, 30, 10),
(236, 2, 2, 3, 2, 110, 75),
(237, 2, 2, 3, 3, 200, 75),
(238, 2, 2, 3, 4, 300, 80),
(239, 2, 2, 3, 5, 160, 240),
(240, 2, 2, 3, 6, 280, 260),
(241, 3, 3, 3, 1, 30, 10),
(242, 3, 3, 3, 2, 90, 70),
(243, 3, 3, 3, 3, 190, 70),
(244, 3, 3, 3, 4, 320, 70),
(245, 3, 3, 3, 5, 100, 250),
(246, 3, 3, 3, 6, 270, 250),
(247, 4, 3, 3, 1, 30, 10),
(248, 4, 3, 3, 2, 120, 80),
(249, 4, 3, 3, 3, 220, 75),
(250, 4, 3, 3, 4, 380, 60),
(251, 4, 3, 3, 5, 160, 270),
(252, 4, 3, 3, 6, 240, 220),
(253, 1, 3, 3, 1, 30, 10),
(254, 1, 3, 3, 2, 100, 80),
(255, 1, 3, 3, 3, 260, 45),
(256, 1, 3, 3, 4, 300, 80),
(257, 1, 3, 3, 5, 160, 310),
(258, 1, 3, 3, 6, 270, 260),
(259, 2, 3, 3, 1, 30, 10),
(260, 2, 3, 3, 2, 120, 70),
(261, 2, 3, 3, 3, 230, 80),
(262, 2, 3, 3, 4, 290, 65),
(263, 2, 3, 3, 5, 140, 230),
(264, 2, 3, 3, 6, 260, 270),
(265, 3, 3, 3, 1, 30, 10),
(266, 3, 3, 3, 2, 120, 80),
(267, 3, 3, 3, 3, 200, 70),
(268, 3, 3, 3, 4, 300, 75),
(269, 3, 3, 3, 5, 150, 230),
(270, 3, 3, 3, 6, 250, 220),
(271, 4, 3, 3, 1, 30, 10),
(272, 4, 3, 3, 2, 150, 80),
(273, 4, 3, 3, 3, 230, 73),
(274, 4, 3, 3, 4, 250, 40),
(275, 4, 3, 3, 5, 100, 250),
(276, 4, 3, 3, 6, 230, 230),
(277, 1, 3, 3, 1, 30, 10),
(278, 1, 3, 3, 2, 100, 75),
(279, 1, 3, 3, 3, 200, 60),
(280, 1, 3, 3, 4, 250, 75),
(281, 1, 3, 3, 5, 150, 280),
(282, 1, 3, 3, 6, 220, 235),
(283, 2, 3, 3, 1, 30, 10),
(284, 2, 3, 3, 2, 130, 75),
(285, 2, 3, 3, 3, 190, 75),
(286, 2, 3, 3, 4, 270, 65),
(287, 2, 3, 3, 5, 170, 245),
(288, 2, 3, 3, 6, 280, 255),
(289, 3, 2, 4, 1, 30, 10),
(290, 3, 2, 4, 2, 100, 70),
(291, 3, 2, 4, 3, 200, 70),
(292, 3, 2, 4, 4, 300, 70),
(293, 3, 2, 4, 5, 150, 250),
(294, 3, 2, 4, 6, 250, 250),
(295, 4, 2, 4, 1, 30, 10),
(296, 4, 2, 4, 2, 120, 80),
(297, 4, 2, 4, 3, 220, 75),
(298, 4, 2, 4, 4, 380, 60),
(299, 4, 2, 4, 5, 160, 270),
(300, 4, 2, 4, 6, 240, 220),
(301, 1, 2, 4, 1, 30, 10),
(302, 1, 2, 4, 2, 90, 75),
(303, 1, 2, 4, 3, 240, 60),
(304, 1, 2, 4, 4, 290, 72),
(305, 1, 2, 4, 5, 140, 300),
(306, 1, 2, 4, 6, 220, 230),
(307, 2, 2, 4, 1, 30, 10),
(308, 2, 2, 4, 2, 116, 65),
(309, 2, 2, 4, 3, 215, 75),
(310, 2, 2, 4, 4, 310, 80),
(311, 2, 2, 4, 5, 155, 240),
(312, 2, 2, 4, 6, 275, 265),
(313, 3, 2, 4, 1, 30, 10),
(314, 3, 2, 4, 2, 110, 75),
(315, 3, 2, 4, 3, 210, 70),
(316, 3, 2, 4, 4, 310, 75),
(317, 3, 2, 4, 5, 140, 240),
(318, 3, 2, 4, 6, 260, 250),
(319, 4, 2, 4, 1, 30, 10),
(320, 4, 2, 4, 2, 120, 80),
(321, 4, 2, 4, 3, 200, 75),
(322, 4, 2, 4, 4, 280, 60),
(323, 4, 2, 4, 5, 160, 270),
(324, 4, 2, 4, 6, 240, 220),
(325, 1, 2, 4, 1, 30, 10),
(326, 1, 2, 4, 2, 90, 75),
(327, 1, 2, 4, 3, 240, 60),
(328, 1, 2, 4, 4, 290, 72),
(329, 1, 2, 4, 5, 140, 300),
(330, 1, 2, 4, 6, 220, 230),
(331, 2, 2, 4, 1, 30, 10),
(332, 2, 2, 4, 2, 110, 75),
(333, 2, 2, 4, 3, 200, 75),
(334, 2, 2, 4, 4, 300, 80),
(335, 2, 2, 4, 5, 160, 240),
(336, 2, 2, 4, 6, 280, 260),
(337, 3, 3, 4, 1, 30, 10),
(338, 3, 3, 4, 2, 90, 70),
(339, 3, 3, 4, 3, 190, 70),
(340, 3, 3, 4, 4, 320, 70),
(341, 3, 3, 4, 5, 100, 250),
(342, 3, 3, 4, 6, 270, 250),
(343, 4, 3, 4, 1, 30, 10),
(344, 4, 3, 4, 2, 120, 80),
(345, 4, 3, 4, 3, 220, 75),
(346, 4, 3, 4, 4, 380, 60),
(347, 4, 3, 4, 5, 160, 270),
(348, 4, 3, 4, 6, 240, 220),
(349, 1, 3, 4, 1, 30, 10),
(350, 1, 3, 4, 2, 100, 80),
(351, 1, 3, 4, 3, 260, 45),
(352, 1, 3, 4, 4, 300, 80),
(353, 1, 3, 4, 5, 160, 310),
(354, 1, 3, 4, 6, 270, 260),
(355, 2, 3, 4, 1, 30, 10),
(356, 2, 3, 4, 2, 120, 70),
(357, 2, 3, 4, 3, 230, 80),
(358, 2, 3, 4, 4, 290, 65),
(359, 2, 3, 4, 5, 140, 230),
(360, 2, 3, 4, 6, 260, 270),
(361, 3, 3, 4, 1, 30, 10),
(362, 3, 3, 4, 2, 120, 80),
(363, 3, 3, 4, 3, 200, 70),
(364, 3, 3, 4, 4, 300, 75),
(365, 3, 3, 4, 5, 150, 230),
(366, 3, 3, 4, 6, 250, 220),
(367, 4, 3, 4, 1, 30, 10),
(368, 4, 3, 4, 2, 150, 80),
(369, 4, 3, 4, 3, 230, 73),
(370, 4, 3, 4, 4, 250, 40),
(371, 4, 3, 4, 5, 100, 250),
(372, 4, 3, 4, 6, 230, 230),
(373, 1, 3, 4, 1, 30, 10),
(374, 1, 3, 4, 2, 100, 75),
(375, 1, 3, 4, 3, 200, 60),
(376, 1, 3, 4, 4, 250, 75),
(377, 1, 3, 4, 5, 150, 280),
(378, 1, 3, 4, 6, 220, 235),
(379, 2, 3, 4, 1, 30, 10),
(380, 2, 3, 4, 2, 130, 75),
(381, 2, 3, 4, 3, 190, 75),
(382, 2, 3, 4, 4, 270, 65),
(383, 2, 3, 4, 5, 170, 245),
(384, 2, 3, 4, 6, 280, 255),
(385, 3, 2, 5, 1, 30, 10),
(386, 3, 2, 5, 2, 100, 70),
(387, 3, 2, 5, 3, 200, 70),
(388, 3, 2, 5, 4, 300, 70),
(389, 3, 2, 5, 5, 150, 250),
(390, 3, 2, 5, 6, 250, 250),
(391, 4, 2, 5, 1, 30, 10),
(392, 4, 2, 5, 2, 120, 80),
(393, 4, 2, 5, 3, 220, 75),
(394, 4, 2, 5, 4, 380, 60),
(395, 4, 2, 5, 5, 160, 270),
(396, 4, 2, 5, 6, 240, 220),
(397, 1, 2, 5, 1, 30, 10),
(398, 1, 2, 5, 2, 90, 75),
(399, 1, 2, 5, 3, 240, 60),
(400, 1, 2, 5, 4, 290, 72),
(401, 1, 2, 5, 5, 140, 300),
(402, 1, 2, 5, 6, 220, 230),
(403, 2, 2, 5, 1, 30, 10),
(404, 2, 2, 5, 2, 116, 65),
(405, 2, 2, 5, 3, 215, 75),
(406, 2, 2, 5, 4, 310, 80),
(407, 2, 2, 5, 5, 155, 240),
(408, 2, 2, 5, 6, 275, 265),
(409, 3, 2, 5, 1, 30, 10),
(410, 3, 2, 5, 2, 110, 75),
(411, 3, 2, 5, 3, 210, 70),
(412, 3, 2, 5, 4, 310, 75),
(413, 3, 2, 5, 5, 140, 240),
(414, 3, 2, 5, 6, 260, 250),
(415, 4, 2, 5, 1, 30, 10),
(416, 4, 2, 5, 2, 120, 80),
(417, 4, 2, 5, 3, 200, 75),
(418, 4, 2, 5, 4, 280, 60),
(419, 4, 2, 5, 5, 160, 270),
(420, 4, 2, 5, 6, 240, 220),
(421, 1, 2, 5, 1, 30, 10),
(422, 1, 2, 5, 2, 90, 75),
(423, 1, 2, 5, 3, 240, 60),
(424, 1, 2, 5, 4, 290, 72),
(425, 1, 2, 5, 5, 140, 300),
(426, 1, 2, 5, 6, 220, 230),
(427, 2, 2, 5, 1, 30, 10),
(428, 2, 2, 5, 2, 110, 75),
(429, 2, 2, 5, 3, 200, 75),
(430, 2, 2, 5, 4, 300, 80),
(431, 2, 2, 5, 5, 160, 240),
(432, 2, 2, 5, 6, 280, 260),
(433, 3, 3, 5, 1, 30, 10),
(434, 3, 3, 5, 2, 90, 70),
(435, 3, 3, 5, 3, 190, 70),
(436, 3, 3, 5, 4, 320, 70),
(437, 3, 3, 5, 5, 100, 250),
(438, 3, 3, 5, 6, 270, 250),
(439, 4, 3, 5, 1, 30, 10),
(440, 4, 3, 5, 2, 120, 80),
(441, 4, 3, 5, 3, 220, 75),
(442, 4, 3, 5, 4, 380, 60),
(443, 4, 3, 5, 5, 160, 270),
(444, 4, 3, 5, 6, 240, 220),
(445, 1, 3, 5, 1, 30, 10),
(446, 1, 3, 5, 2, 100, 80),
(447, 1, 3, 5, 3, 260, 45),
(448, 1, 3, 5, 4, 300, 80),
(449, 1, 3, 5, 5, 160, 310),
(450, 1, 3, 5, 6, 270, 260),
(451, 2, 3, 5, 1, 30, 10),
(452, 2, 3, 5, 2, 120, 70),
(453, 2, 3, 5, 3, 230, 80),
(454, 2, 3, 5, 4, 290, 65),
(455, 2, 3, 5, 5, 140, 230),
(456, 2, 3, 5, 6, 260, 270),
(457, 3, 3, 5, 1, 30, 10),
(458, 3, 3, 5, 2, 120, 80),
(459, 3, 3, 5, 3, 200, 70),
(460, 3, 3, 5, 4, 300, 75),
(461, 3, 3, 5, 5, 150, 230),
(462, 3, 3, 5, 6, 250, 220),
(463, 4, 3, 5, 1, 30, 10),
(464, 4, 3, 5, 2, 150, 80),
(465, 4, 3, 5, 3, 230, 73),
(466, 4, 3, 5, 4, 250, 40),
(467, 4, 3, 5, 5, 100, 250),
(468, 4, 3, 5, 6, 230, 230),
(469, 1, 3, 5, 1, 30, 10),
(470, 1, 3, 5, 2, 100, 75),
(471, 1, 3, 5, 3, 200, 60),
(472, 1, 3, 5, 4, 250, 75),
(473, 1, 3, 5, 5, 150, 280),
(474, 1, 3, 5, 6, 220, 235),
(475, 2, 3, 5, 1, 30, 10),
(476, 2, 3, 5, 2, 130, 75),
(477, 2, 3, 5, 3, 190, 75),
(478, 2, 3, 5, 4, 270, 65),
(479, 2, 3, 5, 5, 170, 245),
(480, 2, 3, 5, 6, 280, 255),
(481, 3, 2, 6, 1, 30, 10),
(482, 3, 2, 6, 2, 100, 70),
(483, 3, 2, 6, 3, 200, 70),
(484, 3, 2, 6, 4, 300, 70),
(485, 3, 2, 6, 5, 150, 250),
(486, 3, 2, 6, 6, 250, 250),
(487, 4, 2, 6, 1, 30, 10),
(488, 4, 2, 6, 2, 120, 80),
(489, 4, 2, 6, 3, 220, 75),
(490, 4, 2, 6, 4, 380, 60),
(491, 4, 2, 6, 5, 160, 270),
(492, 4, 2, 6, 6, 240, 220),
(493, 1, 2, 6, 1, 30, 10),
(494, 1, 2, 6, 2, 90, 75),
(495, 1, 2, 6, 3, 240, 60),
(496, 1, 2, 6, 4, 290, 72),
(497, 1, 2, 6, 5, 140, 300),
(498, 1, 2, 6, 6, 220, 230),
(499, 2, 2, 6, 1, 30, 10),
(500, 2, 2, 6, 2, 116, 65),
(501, 2, 2, 6, 3, 215, 75),
(502, 2, 2, 6, 4, 310, 80),
(503, 2, 2, 6, 5, 155, 240),
(504, 2, 2, 6, 6, 275, 265),
(505, 3, 2, 6, 1, 30, 10),
(506, 3, 2, 6, 2, 110, 75),
(507, 3, 2, 6, 3, 210, 70),
(508, 3, 2, 6, 4, 310, 75),
(509, 3, 2, 6, 5, 140, 240),
(510, 3, 2, 6, 6, 260, 250),
(511, 4, 2, 6, 1, 30, 10),
(512, 4, 2, 6, 2, 120, 80),
(513, 4, 2, 6, 3, 200, 75),
(514, 4, 2, 6, 4, 280, 60),
(515, 4, 2, 6, 5, 160, 270),
(516, 4, 2, 6, 6, 240, 220),
(517, 1, 2, 6, 1, 30, 10),
(518, 1, 2, 6, 2, 90, 75),
(519, 1, 2, 6, 3, 240, 60),
(520, 1, 2, 6, 4, 290, 72),
(521, 1, 2, 6, 5, 140, 300),
(522, 1, 2, 6, 6, 220, 230),
(523, 2, 2, 6, 1, 30, 10),
(524, 2, 2, 6, 2, 110, 75),
(525, 2, 2, 6, 3, 200, 75),
(526, 2, 2, 6, 4, 300, 80),
(527, 2, 2, 6, 5, 160, 240),
(528, 2, 2, 6, 6, 280, 260),
(529, 3, 3, 6, 1, 30, 10),
(530, 3, 3, 6, 2, 90, 70),
(531, 3, 3, 6, 3, 190, 70),
(532, 3, 3, 6, 4, 320, 70),
(533, 3, 3, 6, 5, 100, 250),
(534, 3, 3, 6, 6, 270, 250),
(535, 4, 3, 6, 1, 30, 10),
(536, 4, 3, 6, 2, 120, 80),
(537, 4, 3, 6, 3, 220, 75),
(538, 4, 3, 6, 4, 380, 60),
(539, 4, 3, 6, 5, 160, 270),
(540, 4, 3, 6, 6, 240, 220),
(541, 1, 3, 6, 1, 30, 10),
(542, 1, 3, 6, 2, 100, 80),
(543, 1, 3, 6, 3, 260, 45),
(544, 1, 3, 6, 4, 300, 80),
(545, 1, 3, 6, 5, 160, 310),
(546, 1, 3, 6, 6, 270, 260),
(547, 2, 3, 6, 1, 30, 10),
(548, 2, 3, 6, 2, 120, 70),
(549, 2, 3, 6, 3, 230, 80),
(550, 2, 3, 6, 4, 290, 65),
(551, 2, 3, 6, 5, 140, 230),
(552, 2, 3, 6, 6, 260, 270),
(553, 3, 3, 6, 1, 30, 10),
(554, 3, 3, 6, 2, 120, 80),
(555, 3, 3, 6, 3, 200, 70),
(556, 3, 3, 6, 4, 300, 75),
(557, 3, 3, 6, 5, 150, 230),
(558, 3, 3, 6, 6, 250, 220),
(559, 4, 3, 6, 1, 30, 10),
(560, 4, 3, 6, 2, 150, 80),
(561, 4, 3, 6, 3, 230, 73),
(562, 4, 3, 6, 4, 250, 40),
(563, 4, 3, 6, 5, 100, 250),
(564, 4, 3, 6, 6, 230, 230),
(565, 1, 3, 6, 1, 30, 10),
(566, 1, 3, 6, 2, 100, 75),
(567, 1, 3, 6, 3, 200, 60),
(568, 1, 3, 6, 4, 250, 75),
(569, 1, 3, 6, 5, 150, 280),
(570, 1, 3, 6, 6, 220, 235),
(571, 2, 3, 6, 1, 30, 10),
(572, 2, 3, 6, 2, 130, 75),
(573, 2, 3, 6, 3, 190, 75),
(574, 2, 3, 6, 4, 270, 65),
(575, 2, 3, 6, 5, 170, 245),
(576, 2, 3, 6, 6, 280, 255);

--
-- ダンプしたテーブルのインデックス
--

--
-- テーブルのインデックス `answer`
--
ALTER TABLE `answer`
  ADD PRIMARY KEY (`answer_id`);

--
-- テーブルのインデックス `lr.coef_`
--
ALTER TABLE `lr.coef_`
  ADD PRIMARY KEY (`lr.coef_id`);

--
-- テーブルのインデックス `movie`
--
ALTER TABLE `movie`
  ADD PRIMARY KEY (`movie_id`);

--
-- テーブルのインデックス `player`
--
ALTER TABLE `player`
  ADD PRIMARY KEY (`player_id`);

--
-- テーブルのインデックス `register`
--
ALTER TABLE `register`
  ADD PRIMARY KEY (`register_id`);

--
-- ダンプしたテーブルの AUTO_INCREMENT
--

--
-- テーブルの AUTO_INCREMENT `answer`
--
ALTER TABLE `answer`
  MODIFY `answer_id` int(11) NOT NULL AUTO_INCREMENT, AUTO_INCREMENT=88;

--
-- テーブルの AUTO_INCREMENT `lr.coef_`
--
ALTER TABLE `lr.coef_`
  MODIFY `lr.coef_id` int(11) NOT NULL AUTO_INCREMENT, AUTO_INCREMENT=2551;

--
-- テーブルの AUTO_INCREMENT `movie`
--
ALTER TABLE `movie`
  MODIFY `movie_id` int(11) NOT NULL AUTO_INCREMENT, AUTO_INCREMENT=7;

--
-- テーブルの AUTO_INCREMENT `register`
--
ALTER TABLE `register`
  MODIFY `register_id` int(11) NOT NULL AUTO_INCREMENT, AUTO_INCREMENT=577;
COMMIT;

/*!40101 SET CHARACTER_SET_CLIENT=@OLD_CHARACTER_SET_CLIENT */;
/*!40101 SET CHARACTER_SET_RESULTS=@OLD_CHARACTER_SET_RESULTS */;
/*!40101 SET COLLATION_CONNECTION=@OLD_COLLATION_CONNECTION */;
